,filename,label,y_test,combined_predictions,effnetv2l,NASNetLarge,ConvNeXt,combined_test_predictions_round
0,Chum_SCL_2005_19_1.tif,1,1.0,1.4098029136657715,1.2542856931686401,1.2009323835372925,1.7598938941955566,1
1,Chum_SCL_2004_112_1.tif,1,1.0,0.9968360066413879,1.0199652910232544,0.970773458480835,0.9979086518287659,1
2,Chum_SCL_2007_17_1.tif,1,1.0,0.9644105434417725,0.905504584312439,1.0140725374221802,0.9772267937660217,1
3,Chum_SCL_2004_47_1.tif,1,1.0,1.1657447814941406,1.460542917251587,1.0328234434127808,0.9940593242645264,1
4,Chum_SCL_2004_103_1.tif,1,1.0,1.0001707077026367,0.9779254198074341,1.0168545246124268,1.0069365501403809,1
5,Chum_SCL_2002_123_1.tif,1,1.0,1.1379643678665161,1.110353946685791,1.1075811386108398,1.1938872337341309,1
6,Chum_SCL_2002_100_1.tif,1,1.0,1.4529073238372803,1.1762268543243408,1.4561322927474976,1.7270872592926025,1
7,Chum_SCL_2007_07_1.tif,1,1.0,0.9595073461532593,0.9125833511352539,0.9444818496704102,1.0204927921295166,1
8,Chum_SCL_2005_22_1.tif,1,1.0,1.0493767261505127,1.1099144220352173,1.061847448348999,0.9771293997764587,1
9,Chum_SCL_2006_03_1.tif,1,1.0,0.9936443567276001,1.019951581954956,0.9911360144615173,0.9696230292320251,1
10,Chum_SCL_2002_118_1.tif,1,1.0,1.009475827217102,0.8919535875320435,1.142383337020874,1.0035781860351562,1
11,Chum_SCL_2005_33_1.tif,1,1.0,1.019317388534546,1.00982666015625,1.0436328649520874,1.006206750869751,1
12,Chum_SCL_2004_89_1.tif,1,1.0,0.9706176519393921,0.9226331114768982,1.0063095092773438,0.985487699508667,1
13,Chum_SCL_2004_30_1.tif,1,1.0,1.133814811706543,1.106175184249878,1.0961990356445312,1.1964949369430542,1
14,Chum_SCL_2006_05_1.tif,1,1.0,0.9907886981964111,0.9453531503677368,1.0678966045379639,0.9645797610282898,1
15,Chum_SCL_2006_12_1.tif,1,1.0,1.0369263887405396,1.0422710180282593,1.096556544303894,0.9761035442352295,1
16,Chum_SCL_2007_10_1.tif,1,1.0,1.0638620853424072,1.0113177299499512,1.0361168384552002,1.1423102617263794,1
17,Chum_SCL_2002_135_1.tif,1,1.0,1.0523185729980469,1.0257785320281982,1.038232445716858,1.0920096635818481,1
18,Chum_SCL_2006_16_1.tif,1,1.0,1.1189733743667603,1.2106542587280273,1.0903804302215576,1.0537244081497192,1
19,Chum_SCL_2004_34_1.tif,1,1.0,1.0334627628326416,1.0301978588104248,0.9250208139419556,1.137607455253601,1
20,Chum_SCL_2002_126_1.tif,1,1.0,1.0225626230239868,0.8217138051986694,1.0459882020950317,1.2019832134246826,1
21,Chum_SCL_2004_108_1.tif,1,1.0,1.1134657859802246,1.1750385761260986,1.1204934120178223,1.0452446937561035,1
22,Chum_SCL_2006_01_1.tif,1,1.0,1.2588586807250977,1.3874311447143555,1.3195774555206299,1.0735728740692139,1
23,Chum_SCL_2002_113_1.tif,1,1.0,1.1321303844451904,1.0887256860733032,1.1827841997146606,1.1284946203231812,1
24,Chum_SCL_2002_150_1.tif,1,1.0,1.085726022720337,1.2001829147338867,1.0129204988479614,1.0387871265411377,1
25,Chum_SCL_2004_57_1.tif,1,1.0,0.9726388454437256,1.1485919952392578,0.7984393239021301,0.9584102034568787,1
26,Chum_SCL_2005_38_1.tif,1,1.0,1.0503566265106201,1.1198301315307617,1.0225521326065063,1.0066217184066772,1
27,Chum_SCL_2006_13_1.tif,1,1.0,1.221005916595459,1.5452158451080322,1.1229372024536133,0.9874352216720581,1
28,Chum_SCL_2004_105_1.tif,1,1.0,1.0440289974212646,1.0100175142288208,1.1491045951843262,0.9803594350814819,1
29,ChumBY19_23622_5310_22_214_2.tif,2,2.0,2.978001117706299,2.9517617225646973,2.932638645172119,3.0464839935302734,3
30,ChumBY19_23636_3794_446_446109_2.tif,2,2.0,3.017077922821045,3.1131961345672607,2.9832310676574707,2.952270984649658,3
31,ChumBY20_24422_5323_52_479_2.tif,2,2.0,2.105607509613037,2.0689754486083984,2.1760029792785645,2.0768232345581055,2
32,ChumBY19_23647_3681_343_34322_2.tif,2,2.0,2.465524911880493,2.6171464920043945,2.307784080505371,2.460362195968628,2
33,ChumBY20_24292_5310_81_833_2.tif,2,2.0,2.1235601902008057,2.0107827186584473,2.264338493347168,2.105587959289551,2
34,ChumBY13_18060_5306_292_916_2.tif,2,2.0,3.1169915199279785,3.781268835067749,2.8565821647644043,2.693751096725464,3
35,ChumBY20_24292_5310_80_587_2.tif,2,2.0,2.615537166595459,2.1347599029541016,3.184187412261963,2.5682177543640137,3
36,ChumBY20_24422_5323_52_399_2.tif,2,2.0,3.146146297454834,3.225438117980957,3.1414248943328857,3.07110333442688,3
37,ChumBY19_23647_3681_407_40707_2.tif,2,2.0,3.084968090057373,2.962127685546875,3.242893934249878,3.061126470565796,3
38,ChumBY20_24292_5310_1_53_2.tif,2,2.0,3.211801528930664,3.1337924003601074,3.1158933639526367,3.3791661262512207,3
39,ChumBY14_19636_5310_7_62_2.tif,2,2.0,3.5880308151245117,3.7962334156036377,3.1747491359710693,3.7638914585113525,4
40,ChumBY20_24353_5306_243_410_2.tif,2,2.0,3.1655383110046387,3.319418430328369,3.1602981090545654,3.0162551403045654,3
41,ChumBY19_23610_5306_115_499_2.tif,2,2.0,3.73897385597229,3.608954906463623,3.6769802570343018,3.926894426345825,4
42,Chum_SCL_2004_74_2.tif,2,2.0,1.1810208559036255,1.4760072231292725,1.020155668258667,1.0351407527923584,1
43,ChumBY19_23807_3261_409_40920_2.tif,2,2.0,2.6822991371154785,2.5036354064941406,2.763343334197998,2.7858972549438477,3
44,ChumBY19_23807_3261_412_41204_2.tif,2,2.0,2.200035572052002,2.128152847290039,2.195788860321045,2.275998592376709,2
45,ChumBY20_24292_5310_81_772_2.tif,2,2.0,2.5053486824035645,2.4251017570495605,2.6208598613739014,2.4782910346984863,3
46,ChumBY13_18060_5306_215_559_2.tif,2,2.0,2.3822414875030518,2.0327911376953125,2.371929168701172,2.741914749145508,2
47,ChumBY20_24292_5310_81_752_2.tif,2,2.0,2.068406105041504,2.061819076538086,2.1360244750976562,2.012105941772461,2
48,ChumBY20_24292_5310_81_813_2.tif,2,2.0,2.222510576248169,2.10137939453125,2.5103726387023926,2.0760886669158936,2
49,ChumBY20_24292_5310_81_868_2.tif,2,2.0,2.0948946475982666,2.1329240798950195,2.175821304321289,1.981518030166626,2
50,Chum_SCL_2002_74_2.tif,2,2.0,1.9737403392791748,2.4750823974609375,1.6123510599136353,1.807661771774292,2
51,ChumBY20_24422_5323_52_336_2.tif,2,2.0,2.6373612880706787,2.7326440811157227,2.3998143672943115,2.7628750801086426,3
52,ChumBY19_23588_3261_317_251_2.tif,2,2.0,3.315464496612549,2.8560876846313477,3.2371108531951904,3.848554849624634,3
53,ChumBY20_24527_3357_706_706001_2.tif,2,2.0,2.3046205043792725,2.176781415939331,2.304971218109131,2.432363986968994,2
54,ChumBY21_25019_3442_310_31067_3.tif,3,3.0,3.082294464111328,3.03891921043396,3.046682596206665,3.158874034881592,3
55,ChumBY21_24937_4078_55_238_3.tif,3,3.0,3.012755870819092,2.9577903747558594,3.1020476818084717,2.984760284423828,3
56,ChumBY16_21435_1607_741_378_3.tif,3,3.0,3.0964887142181396,3.1822848320007324,3.1213607788085938,2.9874017238616943,3
57,ChumBY19_23524_4055_357_357007_3.tif,3,3.0,4.006417274475098,4.005825042724609,3.991529941558838,4.0208587646484375,4
58,ChumBY18_22811_5306_31_22_3.tif,3,3.0,2.9903109073638916,2.9365453720092773,3.039579391479492,2.9983434677124023,3
59,ChumBY14_19372_5306_333_1443_3.tif,3,3.0,3.0037131309509277,2.9883217811584473,3.018589973449707,3.00529408454895,3
60,ChumBY13_18060_5306_214_556_3.tif,3,3.0,3.896717071533203,3.846553325653076,3.864746332168579,3.976710796356201,4
61,ChumBY20_24389_5323_3_40_3.tif,3,3.0,3.002532482147217,2.975393295288086,3.0039279460906982,3.0284228324890137,3
62,ChumBY17_21967_3870_256_288_3.tif,3,3.0,3.01250958442688,3.023277759552002,3.043459177017212,2.9729323387145996,3
63,2022-HF-103-33_3.tif,3,3.0,2.9613847732543945,2.9748711585998535,2.9305782318115234,2.976530075073242,3
64,ChumBY21_24937_4078_67_530_3.tif,3,3.0,3.0042388439178467,2.984734535217285,3.0250282287597656,3.0044398307800293,3
65,ChumBY21_24976_5310_100_8328_3.tif,3,3.0,3.359935998916626,3.0732364654541016,3.3951611518859863,3.6143858432769775,3
66,ChumBY19_23605_3870_219_432_3.tif,3,3.0,3.1145291328430176,3.040426015853882,3.091496706008911,3.210190773010254,3
67,ChumBY18_22925_1607_684_68401_3.tif,3,3.0,2.9781041145324707,2.9552741050720215,3.0247700214385986,2.957566261291504,3
68,ChumBY16_21138_3357_429_1202_3.tif,3,3.0,3.141207695007324,3.037973403930664,3.4161808490753174,2.9888460636138916,3
69,ChumBY16_21167_5310_102_199_3.tif,3,3.0,3.0445914268493652,3.042276382446289,3.055250883102417,3.036994457244873,3
70,ChumBY21_24995_5323_106_2340_3.tif,3,3.0,3.3783836364746094,3.5517680644989014,3.495159387588501,3.0960605144500732,3
71,ChumBY17_22068_3245_268_768_3.tif,3,3.0,2.9764466285705566,2.934462070465088,3.002868890762329,2.993928909301758,3
72,ChumBY13_17751_1607_509_51_3.tif,3,3.0,2.997464179992676,2.9770169258117676,2.993882179260254,3.021280527114868,3
73,ChumBY21_25007_4063_395_10219_3.tif,3,3.0,3.3066372871398926,3.4784069061279297,3.422010898590088,3.027236223220825,3
74,ChumBY16_21199_2943_411_314_3.tif,3,3.0,3.1800971031188965,3.0623035430908203,3.0732009410858154,3.3975391387939453,3
75,ChumBY14_19372_5306_279_765_3.tif,3,3.0,3.0158419609069824,3.0396735668182373,3.014173984527588,2.9935193061828613,3
76,2022-HF-110-10_3.tif,3,3.0,2.9767918586730957,2.9710311889648438,2.9724082946777344,2.9866409301757812,3
77,ChumBY21_24921_5320_42_4230_3.tif,3,3.0,3.0256900787353516,3.004277467727661,3.0676958560943604,3.0080678462982178,3
78,ChumBY15_20279_5306_271_695_3.tif,3,3.0,2.9837892055511475,2.943054437637329,3.0484743118286133,2.9644267559051514,3
79,ChumBY21_24937_4078_71_598_3.tif,3,3.0,3.504896402359009,3.2758941650390625,3.4050328731536865,3.8272056579589844,4
80,ChumBY20_24364_4111_932_93203_3.tif,3,3.0,3.0596084594726562,3.0755794048309326,3.1107993125915527,2.99599027633667,3
81,ChumBY19_23470_2943_260_22_3.tif,3,3.0,3.880453586578369,3.9407665729522705,3.6787829399108887,4.007628440856934,4
82,ChumBY18_22985_5323_5_12_3.tif,3,3.0,2.9147801399230957,2.85697078704834,3.027311325073242,2.868016242980957,3
83,ChumBY21_24976_5310_89_6277_3.tif,3,3.0,3.010416030883789,2.9846649169921875,3.061988592147827,2.9882400035858154,3
84,ChumBY20_24353_5306_402_1551_3.tif,3,3.0,3.783698081970215,3.565659761428833,3.8905041217803955,3.902777910232544,4
85,ChumBY16_21259_4078_14_62_3.tif,3,3.0,3.031792163848877,3.0326740741729736,2.9711432456970215,3.08732533454895,3
86,ChumBY18_22864_3261_330_20_3.tif,3,3.0,3.042541027069092,2.963054895401001,3.134857416152954,3.036297559738159,3
87,ChumBY21_24921_5320_63_6352_3.tif,3,3.0,3.241612434387207,3.0332159996032715,3.138684034347534,3.5461299419403076,3
88,ChumBY17_22016_3681_290_29050_3.tif,3,3.0,3.007046699523926,2.960981845855713,3.0342531204223633,3.0278866291046143,3
89,ChumBY15_20528_5306_15_31_3.tif,3,3.0,3.015839099884033,2.847365140914917,3.1423697471618652,3.0669171810150146,3
90,ChumBY17_22039_3896_407_50_3.tif,3,3.0,3.073951244354248,3.0187160968780518,2.9442853927612305,3.2499027252197266,3
91,ChumBY21_25049_3357_368_36828_3.tif,3,3.0,3.034457206726074,3.0040197372436523,3.0801467895507812,3.0224480628967285,3
92,ChumBY19_23536_5306_191_1335_3.tif,3,3.0,3.0007362365722656,3.000401496887207,2.9790635108947754,3.0212314128875732,3
93,ChumBY19_23674_4111_913_1260_3.tif,3,3.0,3.027226686477661,3.018169403076172,3.0587494373321533,3.0069780349731445,3
94,ChumBY21_24937_4078_85_717_3.tif,3,3.0,3.4766461849212646,3.461329460144043,3.3630523681640625,3.597656011581421,3
95,ChumBY13_18060_5306_291_896_3.tif,3,3.0,3.656123399734497,3.774010181427002,3.868276357650757,3.340676784515381,4
96,ChumBY21_25049_3357_311_31106_3.tif,3,3.0,3.3034682273864746,3.175412893295288,3.357754945755005,3.381256103515625,3
97,ChumBY21_24921_5320_33_3320_3.tif,3,3.0,3.0796871185302734,3.0697197914123535,3.135619878768921,3.0376439094543457,3
98,ChumBY21_24976_5310_97_7928_3.tif,3,3.0,3.008392810821533,2.9957070350646973,3.0228898525238037,3.0076165199279785,3
99,2024-HF-113-9_3.tif,3,3.0,2.996779441833496,2.9879584312438965,3.0193817615509033,2.984591484069824,3
100,ChumBY19_23628_5306_24_74_3.tif,3,3.0,3.000220537185669,2.918337345123291,3.0596749782562256,3.026946544647217,3
101,ChumBY21_25019_3442_310_310106_3.tif,3,3.0,3.028164863586426,3.040526866912842,3.0540642738342285,2.9916892051696777,3
102,ChumBY19_23610_5306_132_860_3.tif,3,3.0,2.9850592613220215,3.0049166679382324,2.9540014266967773,2.9940567016601562,3
103,ChumBY14_19408_3681_386_347_3.tif,3,3.0,3.000762939453125,2.9546236991882324,3.0278286933898926,3.02180814743042,3
104,ChumBY21_25007_4063_368_10162_3.tif,3,3.0,2.9916210174560547,2.9684314727783203,3.023888111114502,2.984837055206299,3
105,ChumBY20_24386_4078_151_396_3.tif,3,3.0,3.0286073684692383,2.997500419616699,3.081411361694336,3.0106518268585205,3
106,ChumBY20_24293_5310_107_318_3.tif,3,3.0,3.042630672454834,3.0383832454681396,3.078885316848755,3.013162136077881,3
107,ChumBY21_25004_3794_552_568_3.tif,3,3.0,3.23366117477417,3.0028724670410156,3.706199884414673,3.0253069400787354,3
108,ChumBY21_25019_3442_270_27044_3.tif,3,3.0,3.0206263065338135,2.9948763847351074,3.0650553703308105,3.005094289779663,3
109,ChumBY19_23602_5320_33_3303_3.tif,3,3.0,2.9967615604400635,2.9419760704040527,3.06738543510437,2.9859509468078613,3
110,ChumBY19_23634_3396_322_32203_3.tif,3,3.0,2.967282772064209,2.9454169273376465,2.9239094257354736,3.029533863067627,3
111,ChumBY19_23618_5323_25_76_3.tif,3,3.0,2.936135768890381,2.967226028442383,2.8450732231140137,2.989696502685547,3
112,ChumBY19_23674_4111_949_1345_3.tif,3,3.0,3.0539610385894775,3.021869659423828,3.05080509185791,3.089046001434326,3
113,ChumBY20_24406_3681_314_31404_3.tif,3,3.0,3.0508906841278076,3.024057149887085,3.116896390914917,3.016373872756958,3
114,ChumBY21_24921_5320_71_7132_3.tif,3,3.0,3.0410468578338623,2.9866738319396973,3.1356894969940186,3.0074803829193115,3
115,ChumBY18_22785_5323_27_71_3.tif,3,3.0,5.0069661140441895,5.094152450561523,4.982952117919922,4.941959857940674,5
116,ChumBY21_24947_3671_208_987_3.tif,3,3.0,3.104252338409424,3.0119552612304688,3.1800925731658936,3.1261684894561768,3
117,ChumBY21_24983_5306_344_3227_3.tif,3,3.0,3.0401687622070312,3.0297000408172607,3.095168352127075,2.999495029449463,3
118,ChumBY19_23610_5306_131_750_3.tif,3,3.0,2.9826602935791016,2.825059175491333,3.0016655921936035,3.1228668689727783,3
119,ChumBY19_23622_5310_23_224_3.tif,3,3.0,3.154141902923584,3.324402093887329,3.062873601913452,3.0684728622436523,3
120,ChumBY12_15756_5306_188_65_3.tif,3,3.0,3.00441837310791,2.9753212928771973,2.9502182006835938,3.0839860439300537,3
121,ChumBY17_22020_4055_237_59_3.tif,3,3.0,3.039888381958008,3.0231969356536865,3.090723752975464,3.009322166442871,3
122,ChumBY19_23609_1607_752_975214_3.tif,3,3.0,2.2561230659484863,2.6641030311584473,2.177966594696045,1.9201085567474365,2
123,ChumBY15_20270_5306_6_18_3.tif,3,3.0,3.0121655464172363,2.9804067611694336,3.0433247089385986,3.0149970054626465,3
124,ChumBY20_24364_4111_975_97501_3.tif,3,3.0,3.0804543495178223,3.0200226306915283,3.1998443603515625,3.029937505722046,3
125,ChumBY19_23588_3261_317_272_3.tif,3,3.0,3.8862223625183105,3.9418020248413086,3.8564488887786865,3.8582372665405273,4
126,ChumBY21_24921_5320_64_6474_3.tif,3,3.0,3.016414165496826,3.0710325241088867,3.009086847305298,2.9685134887695312,3
127,ChumBY15_20355_4111_573_297_3.tif,3,3.0,3.1287176609039307,3.109316349029541,3.043189525604248,3.227713108062744,3
128,ChumBY15_20382_3870_326_447_3.tif,3,3.0,3.1404480934143066,3.3672921657562256,3.05082106590271,2.9965665340423584,3
129,ChumBY17_22000_5306_382_1179_3.tif,3,3.0,2.973484754562378,2.9091148376464844,2.961425304412842,3.0491883754730225,3
130,ChumBY21_24995_5323_100_1855_3.tif,3,3.0,3.1877527236938477,3.286153554916382,3.2671642303466797,3.0153050422668457,3
131,ChumBY18_22955_3896_414_41404_3.tif,3,3.0,3.035210132598877,3.0785927772521973,3.0439250469207764,2.983642578125,3
132,ChumBY21_24976_5310_93_7535_3.tif,3,3.0,3.0297980308532715,3.0370242595672607,3.0385422706604004,3.014425039291382,3
133,ChumBY19_23536_5306_143_921_3.tif,3,3.0,2.988866090774536,3.001044273376465,2.9759950637817383,2.9886386394500732,3
134,ChumBY18_22741_5306_341_887_3.tif,3,3.0,3.0177998542785645,2.9746203422546387,3.0561187267303467,3.0254123210906982,3
135,ChumBY18_22798_5320_28_240_3.tif,3,3.0,3.017314910888672,3.022152900695801,3.017345666885376,3.012439489364624,3
136,ChumBY20_24389_5323_40_627_3.tif,3,3.0,3.0650978088378906,3.0648226737976074,3.113356828689575,3.020482063293457,3
137,ChumBY16_21407_5310_18_487_3.tif,3,3.0,3.0056495666503906,3.026237726211548,3.02250599861145,2.969343662261963,3
138,ChumBY15_20279_5306_268_654_3.tif,3,3.0,2.989597797393799,2.980140209197998,2.9638311862945557,3.023041009902954,3
139,ChumBY15_20399_4078_116_22_3.tif,3,3.0,3.244922161102295,3.2092652320861816,3.3037502765655518,3.2259202003479004,3
140,2022-HF-114-9_3.tif,3,3.0,2.9134645462036133,3.062441110610962,2.6760246753692627,2.9850878715515137,3
141,ChumBY21_25049_3357_316_31607_3.tif,3,3.0,3.0159592628479004,2.9965553283691406,3.0504989624023438,3.0032691955566406,3
142,ChumBY15_20214_4078_111_127_3.tif,3,3.0,3.4555978775024414,3.2912051677703857,4.100983619689941,3.019944190979004,3
143,ChumBY15_20343_5320_48_441_3.tif,3,3.0,2.9966325759887695,2.9490230083465576,3.0331900119781494,3.010321617126465,3
144,2020-HF-110-16_3.tif,3,3.0,3.0445313453674316,3.1688969135284424,2.957193613052368,3.001183032989502,3
145,ChumBY21_25032_2943_241_24120_3.tif,3,3.0,3.0422897338867188,3.031647205352783,3.0650534629821777,3.031775712966919,3
146,2020-HF-105-9_3.tif,3,3.0,3.118112325668335,3.037278652191162,3.28772234916687,3.0413193702697754,3
147,ChumBY12_15661_4078_171_15_3.tif,3,3.0,3.0182294845581055,2.958922863006592,3.0185084342956543,3.077383279800415,3
148,ChumBY21_25017_1607_749_749002_3.tif,3,3.0,3.0415849685668945,3.0307984352111816,3.072362184524536,3.023761749267578,3
149,ChumBY19_23807_3261_406_40622_3.tif,3,3.0,3.0464224815368652,3.0952346324920654,3.0059001445770264,3.0352163314819336,3
150,ChumBY16_21200_1607_561_56110_3.tif,3,3.0,2.995891571044922,2.9923791885375977,2.992009162902832,3.003021478652954,3
151,ChumBY18_22846_4078_152_15216_3.tif,3,3.0,3.026193618774414,2.9640769958496094,3.084266424179077,3.0344021320343018,3
152,ChumBY21_24995_5323_91_1397_3.tif,3,3.0,3.063627243041992,3.076263666152954,3.0999248027801514,3.0172038078308105,3
153,ChumBY20_24389_5323_40_831_3.tif,3,3.0,3.0261125564575195,3.029003381729126,3.0262563228607178,3.023082733154297,3
154,ChumBY18_22808_3671_335_736_3.tif,3,3.0,3.0188989639282227,3.1102488040924072,2.9767301082611084,2.9666104316711426,3
155,ChumBY16_21182_3896_336_33602_3.tif,3,3.0,3.00299072265625,2.9161784648895264,3.1328437328338623,2.9691689014434814,3
156,ChumBY21_24995_5323_106_2464_3.tif,3,3.0,3.1010653972625732,3.2002463340759277,3.0890560150146484,3.012876510620117,3
157,ChumBY16_21385_3671_330_10_3.tif,3,3.0,2.97344970703125,2.9558472633361816,2.971731185913086,2.9926819801330566,3
158,ChumBY19_23588_3261_353_348_3.tif,3,3.0,3.0254969596862793,3.0182931423187256,3.042602777481079,3.016801595687866,3
159,ChumBY20_24315_5323_26_17_3.tif,3,3.0,3.001955032348633,2.9931485652923584,3.0113167762756348,3.0020692348480225,3
160,ChumBY20_24389_5323_23_306_3.tif,3,3.0,3.0552875995635986,2.992964744567871,3.1909921169281006,2.9914891719818115,3
161,ChumBY21_25019_3442_271_27132_3.tif,3,3.0,3.8379054069519043,3.6621294021606445,3.823237657546997,4.027642250061035,4
162,ChumBY21_24976_5310_100_8400_3.tif,3,3.0,3.6333513259887695,3.62864351272583,3.2583858966827393,3.986863851547241,4
163,ChumBY20_24353_5306_401_1515_3.tif,3,3.0,3.0407252311706543,3.1064486503601074,3.011899948120117,3.001697063446045,3
164,ChumBY17_22040_3442_220_22047_3.tif,3,3.0,2.985179901123047,2.921632766723633,3.012010335922241,3.023883104324341,3
165,ChumBY17_21970_5310_125_1436_3.tif,3,3.0,2.968778610229492,2.8636622428894043,3.0149459838867188,3.0311388969421387,3
166,ChumBY21_24976_5310_44_5407_3.tif,3,3.0,3.0834708213806152,3.1030712127685547,3.1451823711395264,3.006430149078369,3
167,ChumBY13_18060_5306_92_222_3.tif,3,3.0,3.0322461128234863,3.0593514442443848,3.0341289043426514,3.00334095954895,3
168,ChumBY21_24995_5323_36_162_3.tif,3,3.0,3.0213069915771484,3.0349981784820557,3.0433294773101807,2.987105131149292,3
169,ChumBY21_24976_5310_91_6718_3.tif,3,3.0,3.010725498199463,2.9685325622558594,3.0656964778900146,3.0018601417541504,3
170,ChumBY21_25049_3357_310_31012_3.tif,3,3.0,3.0272586345672607,3.001081705093384,3.067404270172119,3.016139030456543,3
171,ChumBY15_20528_5306_7_9_3.tif,3,3.0,3.056735038757324,3.2016286849975586,2.969879627227783,2.992373466491699,3
172,ChumBY20_24353_5306_185_140_3.tif,3,3.0,2.945502996444702,2.9538803100585938,2.8566951751708984,3.0197205543518066,3
173,ChumBY15_20311_5310_9_125_3.tif,3,3.0,3.7063472270965576,3.837247133255005,3.844862461090088,3.4463629722595215,4
174,ChumBY21_24995_5323_87_996_3.tif,3,3.0,3.015805721282959,2.988706111907959,3.0332510471343994,3.026726007461548,3
175,ChumBY19_23747_5323_43_166_3.tif,3,3.0,3.0104684829711914,3.0217337608337402,3.0331075191497803,2.978123188018799,3
176,ChumBY18_22830_3442_317_31725_3.tif,3,3.0,3.8346238136291504,4.028053283691406,3.6991453170776367,3.7668685913085938,4
177,ChumBY15_20439_1607_747_129_3.tif,3,3.0,3.266507148742676,3.483631134033203,3.2916433811187744,3.025609016418457,3
178,ChumBY18_22830_3442_317_31724_3.tif,3,3.0,3.0090041160583496,2.9588122367858887,3.027437448501587,3.042139768600464,3
179,ChumBY21_25049_3357_375_37502_3.tif,3,3.0,3.0195770263671875,2.9906692504882812,3.0584537982940674,3.012373447418213,3
180,ChumBY16_21119_4055_343_34303_3.tif,3,3.0,3.465846061706543,4.099384307861328,3.0127274990081787,3.252659559249878,3
181,ChumBY17_22068_3245_289_822_3.tif,3,3.0,2.922569751739502,2.8950035572052,2.9207510948181152,2.9518768787384033,3
182,ChumBY15_20355_4111_652_485_3.tif,3,3.0,3.108699083328247,2.9993181228637695,3.356213331222534,2.988037347793579,3
183,ChumBY19_23669_3414_459_459121_3.tif,3,3.0,2.891557216644287,2.913656711578369,2.9708361625671387,2.7956719398498535,3
184,ChumBY21_24976_5310_97_7892_3.tif,3,3.0,3.033428907394409,3.022304058074951,3.0711958408355713,3.0094428062438965,3
185,ChumBY21_24976_5310_99_8172_3.tif,3,3.0,3.2742865085601807,3.1774938106536865,3.6629021167755127,3.0097601413726807,3
186,ChumBY15_19866_5323_164_161_3.tif,3,3.0,4.13237190246582,3.887739419937134,4.65281867980957,3.8933210372924805,4
187,ChumBY21_25007_4063_394_10215_3.tif,3,3.0,3.048189401626587,2.9891562461853027,3.128955364227295,3.032200336456299,3
188,ChumBY19_23605_3870_320_1036_3.tif,3,3.0,3.0157723426818848,2.979590892791748,3.02701735496521,3.0415587425231934,3
189,ChumBY12_15756_5306_188_66_3.tif,3,3.0,3.0308480262756348,3.1084094047546387,2.9393081665039062,3.0382981300354004,3
190,ChumBY19_23622_5310_14_151_3.tif,3,3.0,3.0325469970703125,2.9793100357055664,3.056641101837158,3.063467264175415,3
191,ChumBY19_23647_3681_347_34716_3.tif,3,3.0,3.006399393081665,2.9415621757507324,3.0028107166290283,3.0746917724609375,3
192,ChumBY17_21932_5320_50_171_3.tif,3,3.0,3.048572540283203,3.0410144329071045,3.0304179191589355,3.0730323791503906,3
193,ChumBY19_23647_3681_349_34903_3.tif,3,3.0,2.9729230403900146,2.891833782196045,3.046703338623047,2.985527753829956,3
194,ChumBY21_25073_4111_713_71312_3.tif,3,3.0,3.0245108604431152,2.98594331741333,3.1025195121765137,2.990583896636963,3
195,ChumBY11_14292_4078_84_103_3.tif,3,3.0,3.0092506408691406,2.937002182006836,3.0163257122039795,3.0750479698181152,3
196,2023-DI-111-92_3.tif,3,3.0,3.067357301712036,3.071904420852661,3.107431650161743,3.025524139404297,3
197,ChumBY21_25045_3245_292_29224_3.tif,3,3.0,3.0333456993103027,3.088604211807251,3.0319809913635254,2.9792566299438477,3
198,ChumBY21_24976_5310_92_6994_3.tif,3,3.0,3.0306291580200195,3.001741886138916,2.9984617233276367,3.0894908905029297,3
199,ChumBY15_20528_5306_58_158_3.tif,3,3.0,3.0603086948394775,3.0941977500915527,3.0689218044281006,3.0183463096618652,3
200,ChumBY19_23572_5310_62_618_3.tif,3,3.0,3.0245838165283203,3.0234384536743164,3.112907886505127,2.9435720443725586,3
201,ChumBY21_24921_5320_65_6507_3.tif,3,3.0,3.00924015045166,2.959695339202881,3.0468013286590576,3.0239343643188477,3
202,ChumBY17_21979_3396_393_924_3.tif,3,3.0,3.0134940147399902,2.9623947143554688,3.0617787837982178,3.019770622253418,3
203,2022-DI-105-9_3.tif,3,3.0,3.060986042022705,3.191770553588867,3.015869617462158,2.971933364868164,3
204,ChumBY18_22819_5323_77_581_3.tif,3,3.0,2.979403257369995,2.993669033050537,2.9721460342407227,2.97186279296875,3
205,ChumBY18_22819_5323_17_287_3.tif,3,3.0,2.9796454906463623,2.8964133262634277,3.0640411376953125,2.9845223426818848,3
206,ChumBY21_24976_5310_98_7948_3.tif,3,3.0,3.0446419715881348,3.082071542739868,3.039860725402832,3.0115926265716553,3
207,ChumBY21_24921_5320_63_63117_3.tif,3,3.0,3.013759136199951,3.0414304733276367,3.0140883922576904,2.985731840133667,3
208,ChumBY17_22140_2943_425_215_3.tif,3,3.0,3.0752880573272705,3.1283364295959473,3.0345656871795654,3.0600242614746094,3
209,ChumBY21_24995_5323_103_2207_3.tif,3,3.0,3.0371010303497314,3.0603580474853516,3.0573086738586426,2.995004653930664,3
210,ChumBY20_24389_5323_40_724_3.tif,3,3.0,3.0708565711975098,3.0629496574401855,3.0817067623138428,3.0686848163604736,3
211,ChumBY19_23674_4111_836_1048_3.tif,3,3.0,3.186108350753784,3.3414664268493652,3.1990716457366943,3.018411636352539,3
212,ChumBY15_20276_5310_11_185_3.tif,3,3.0,3.056868076324463,3.0713720321655273,3.0403289794921875,3.0577232837677,3
213,ChumBY21_24947_3671_114_303_3.tif,3,3.0,3.0199851989746094,3.017338991165161,3.0548152923583984,2.99023699760437,3
214,ChumBY16_21128_3703_880_340_3.tif,3,3.0,2.981809139251709,3.0015366077423096,2.996061325073242,2.948788642883301,3
215,ChumBY21_25035_3870_239_23904_3.tif,3,3.0,3.0383856296539307,2.9836158752441406,3.142085552215576,2.996791362762451,3
216,ChumBY21_24947_3671_205_834_3.tif,3,3.0,3.0154542922973633,3.0382397174835205,3.0247087478637695,2.9840188026428223,3
217,ChumBY21_24995_5323_46_233_3.tif,3,3.0,3.083467960357666,2.9850025177001953,3.0685856342315674,3.1959545612335205,3
218,ChumBY21_24976_5310_102_8664_3.tif,3,3.0,3.0683674812316895,3.064720869064331,3.1019551753997803,3.0407767295837402,3
219,ChumBY20_24364_4111_1010_101001_3.tif,3,3.0,3.020357131958008,2.988586902618408,3.0911402702331543,2.9863414764404297,3
220,ChumBY21_24976_5310_89_6365_3.tif,3,3.0,3.025358200073242,2.9834609031677246,3.1074843406677246,2.990936517715454,3
221,ChumBY19_23609_1607_530_953004_3.tif,3,3.0,3.04311466217041,2.9820046424865723,3.0956814289093018,3.0554375648498535,3
222,ChumBY21_24995_5323_94_1493_3.tif,3,3.0,3.300560474395752,3.084756851196289,3.831609010696411,3.0227668285369873,3
223,ChumBY19_23588_3261_317_255_3.tif,3,3.0,2.9542484283447266,2.950146198272705,2.883617401123047,3.024060010910034,3
224,ChumBY21_24976_5310_95_7752_3.tif,3,3.0,3.042490243911743,3.0278689861297607,3.049264430999756,3.0508368015289307,3
225,ChumBY17_21978_5323_186_1608_3.tif,3,3.0,2.997934341430664,3.003696918487549,3.008741617202759,2.9821085929870605,3
226,ChumBY17_21967_3870_324_537_3.tif,3,3.0,2.9725000858306885,2.9861555099487305,2.9284932613372803,2.999755620956421,3
227,ChumBY13_18060_5306_121_360_3.tif,3,3.0,3.0193018913269043,3.015157461166382,3.0476033687591553,2.9971280097961426,3
228,ChumBY17_22039_3896_406_5_3.tif,3,3.0,2.9980719089508057,2.9323134422302246,3.0180885791778564,3.0453293323516846,3
229,ChumBY20_24441_3671_376_5284_3.tif,3,3.0,3.063291549682617,3.0912225246429443,3.115993022918701,2.9862871170043945,3
230,ChumBY13_17944_5323_30_119_3.tif,3,3.0,3.9464609622955322,4.038256645202637,3.7828614711761475,4.006681442260742,4
231,ChumBY21_24976_5310_55_5586_3.tif,3,3.0,2.9954237937927246,2.9614577293395996,3.0298690795898438,2.9974100589752197,3
232,ChumBY15_20214_4078_110_101_3.tif,3,3.0,3.036433696746826,3.125232219696045,2.976994037628174,3.0027661323547363,3
233,ChumBY19_23605_3870_219_333_3.tif,3,3.0,3.045910358428955,2.9928574562072754,3.0399632453918457,3.1045913696289062,3
234,ChumBY21_24976_5310_95_7748_3.tif,3,3.0,3.040235996246338,3.0413358211517334,3.0800647735595703,3.0020852088928223,3
235,ChumBY19_23669_3414_459_459199_3.tif,3,3.0,3.0501708984375,3.0183169841766357,3.049863815307617,3.0823678970336914,3
236,ChumBY14_19372_5306_303_1119_3.tif,3,3.0,3.073424816131592,3.1203880310058594,3.092505931854248,3.0086278915405273,3
237,ChumBY20_24386_4078_149_391_3.tif,3,3.0,3.2895584106445312,3.3794617652893066,3.291205644607544,3.1979596614837646,3
238,ChumBY21_24976_5310_103_8901_3.tif,3,3.0,3.06701397895813,3.056220293045044,3.144608497619629,3.005647659301758,3
239,ChumBY21_24921_5320_34_3405_3.tif,3,3.0,3.038814067840576,2.9683423042297363,3.1422975063323975,3.0131516456604004,3
240,ChumBY14_19644_5306_24_140_3.tif,3,3.0,3.004939079284668,2.961289882659912,3.050888776779175,3.005924940109253,3
241,ChumBY16_21129_3681_367_36704_3.tif,3,3.0,2.984631299972534,2.98043155670166,2.990426540374756,2.983448028564453,3
242,ChumBY21_25088_2943_314_31409_3.tif,3,3.0,3.033597946166992,3.044184446334839,3.0610029697418213,2.997500419616699,3
243,ChumBY21_24921_5320_69_6946_3.tif,3,3.0,3.0164036750793457,2.9617271423339844,3.0866148471832275,3.0058677196502686,3
244,ChumBY18_22924_3703_1052_1052001_3.tif,3,3.0,3.0844364166259766,3.26857328414917,2.9558424949645996,3.0195870399475098,3
245,ChumBY21_25007_4063_327_10102_3.tif,3,3.0,3.2424941062927246,3.0287039279937744,3.0544703006744385,3.6315720081329346,3
246,ChumBY21_24995_5323_87_1088_3.tif,3,3.0,2.999614953994751,2.9623947143554688,3.042562484741211,2.9969522953033447,3
247,ChumBY19_23674_4111_942_1285_3.tif,3,3.0,2.983139753341675,2.8730578422546387,3.073556423187256,3.0093135833740234,3
248,ChumBY21_24921_5320_63_6385_3.tif,3,3.0,3.0226082801818848,3.005810260772705,3.0359091758728027,3.0270638465881348,3
249,ChumBY15_20382_3870_272_214_3.tif,3,3.0,3.0240631103515625,3.1218972206115723,2.9449167251586914,2.999675750732422,3
250,ChumBY21_24976_5310_96_7792_3.tif,3,3.0,3.1040070056915283,3.1012113094329834,3.2236127853393555,2.995549201965332,3
251,ChumBY15_20287_3396_390_488_3.tif,3,3.0,2.976278781890869,2.9724066257476807,2.961946487426758,2.9934892654418945,3
252,ChumBY14_19395_3681_464_214_3.tif,3,3.0,2.9835381507873535,2.9117989540100098,3.0520875453948975,2.9916419982910156,3
253,ChumBY17_21990_3794_280_489_3.tif,3,3.0,3.026303768157959,3.0008444786071777,3.0436339378356934,3.035688877105713,3
254,ChumBY18_22785_5323_33_289_3.tif,3,3.0,3.0026392936706543,2.9855709075927734,3.013334035873413,3.0097899436950684,3
255,ChumBY19_23747_5323_51_177_3.tif,3,3.0,3.0419223308563232,3.0144248008728027,2.970494508743286,3.1359121799468994,3
256,2020-HF-108-2_3.tif,3,3.0,3.0427768230438232,3.1202449798583984,2.9979357719421387,3.006880760192871,3
257,ChumBY20_24353_5306_243_394_3.tif,3,3.0,3.9668216705322266,4.020284175872803,3.9266839027404785,3.95059871673584,4
258,2022-HF-109-1_3.tif,3,3.0,2.983799934387207,2.9178502559661865,3.029916524887085,3.0069708824157715,3
259,ChumBY19_23609_1607_526_952650_3.tif,3,3.0,3.006524085998535,2.9517149925231934,3.059967517852783,3.0117180347442627,3
260,ChumBY13_17760_5320_113_260_3.tif,3,3.0,3.047665596008301,3.0273962020874023,3.112196207046509,3.0079450607299805,3
261,ChumBY21_24995_5323_94_1465_3.tif,3,3.0,3.0274829864501953,3.0546743869781494,3.004793882369995,3.021347999572754,3
262,ChumBY21_24947_3671_196_589_3.tif,3,3.0,3.0106706619262695,3.029193878173828,3.0061049461364746,2.996361494064331,3
263,ChumBY21_24921_5320_61_6110_3.tif,3,3.0,3.0233874320983887,3.0237743854522705,3.0307371616363525,3.0161631107330322,3
264,ChumBY11_14496_5323_99_301_3.tif,3,3.0,2.9222450256347656,2.9364476203918457,3.0309464931488037,2.806901454925537,3
265,ChumBY19_23669_3414_399_39906_3.tif,3,3.0,3.04402494430542,3.012471914291382,3.091681718826294,3.031304359436035,3
266,ChumBY19_23572_5310_100_744_3.tif,3,3.0,2.9715309143066406,3.0417003631591797,2.9001965522766113,2.96759033203125,3
267,ChumBY21_25049_3357_322_32202_3.tif,3,3.0,3.1661033630371094,3.0703396797180176,3.126319646835327,3.2990474700927734,3
268,ChumBY14_19469_5323_6_37_3.tif,3,3.0,2.9894957542419434,2.990539073944092,2.9854512214660645,2.9922127723693848,3
269,ChumBY15_20276_5310_11_165_3.tif,3,3.0,3.0626955032348633,3.054997444152832,3.123115062713623,3.014204740524292,3
270,ChumBY21_25073_4111_907_90701_3.tif,3,3.0,3.026371955871582,2.97579026222229,3.1198763847351074,2.9900670051574707,3
271,ChumBY21_24983_5306_210_2346_3.tif,3,3.0,3.0168261528015137,3.0135955810546875,3.0423033237457275,2.9963631629943848,3
272,2023-HF-113-5_3.tif,3,3.0,2.9881927967071533,3.0254569053649902,2.9253740310668945,3.00929594039917,3
273,ChumBY21_24921_5320_69_69135_3.tif,3,3.0,3.0283069610595703,3.003887414932251,3.0850703716278076,2.999969482421875,3
274,ChumBY18_22864_3261_332_65_3.tif,3,3.0,2.995685338973999,2.95416259765625,3.0057592391967773,3.0279123783111572,3
275,ChumBY16_21200_1607_583_58311_3.tif,3,3.0,2.9880480766296387,2.9602787494659424,3.0211236476898193,2.985100746154785,3
276,ChumBY21_25007_4063_333_10138_3.tif,3,3.0,3.0431084632873535,3.0197010040283203,3.102020025253296,3.011758327484131,3
277,ChumBY17_21930_3414_288_28820_3.tif,3,3.0,3.0100533962249756,3.0604028701782227,2.956373453140259,3.0095467567443848,3
278,ChumBY21_24983_5306_208_2011_3.tif,3,3.0,3.022538900375366,3.0174355506896973,3.0609853267669678,2.9918882846832275,3
279,ChumBY19_23647_3681_343_34319_3.tif,3,3.0,3.0354180335998535,2.95847749710083,3.138143301010132,3.0169413089752197,3
280,ChumBY21_24976_5310_104_9117_3.tif,3,3.0,3.0267882347106934,3.0306434631347656,3.0076682567596436,3.040710926055908,3
281,ChumBY16_21407_5310_18_458_3.tif,3,3.0,3.04537296295166,3.067535877227783,3.0316762924194336,3.0359108448028564,3
282,ChumBY19_23610_5306_117_555_3.tif,3,3.0,3.0881919860839844,3.0850110054016113,3.1608872413635254,3.023756504058838,3
283,ChumBY21_24976_5310_105_9165_3.tif,3,3.0,3.0211191177368164,3.023650884628296,3.0474512577056885,2.9940881729125977,3
284,ChumBY17_22030_3261_384_4294_3.tif,3,3.0,2.974278450012207,2.9825873374938965,2.9350461959838867,3.002448558807373,3
285,ChumBY14_19469_5323_8_51_3.tif,3,3.0,2.955463409423828,2.9428114891052246,2.9099221229553223,3.010500907897949,3
286,ChumBY21_24921_5320_64_6410_3.tif,3,3.0,3.069356918334961,3.021232843399048,3.130873680114746,3.060344934463501,3
287,ChumBY15_20208_5310_140_461_3.tif,3,3.0,2.982358455657959,2.956496238708496,3.0023601055145264,2.98966121673584,3
288,ChumBY21_24983_5306_193_1698_3.tif,3,3.0,3.006047010421753,2.9828615188598633,3.0674068927764893,2.9721968173980713,3
289,ChumBY21_24976_5310_102_8840_3.tif,3,3.0,3.335782527923584,3.477766513824463,3.493405818939209,3.046919584274292,3
290,ChumBY16_21128_3703_1011_690_3.tif,3,3.0,3.241295337677002,3.071016788482666,2.9964818954467773,3.63960862159729,3
291,ChumBY15_20401_5323_36_493_3.tif,3,3.0,2.997816562652588,2.961390495300293,3.0378596782684326,2.9970595836639404,3
292,ChumBY18_22830_3442_319_31930_3.tif,3,3.0,2.995288848876953,2.9679455757141113,2.9810824394226074,3.035896062850952,3
293,ChumBY19_23610_5306_132_780_3.tif,3,3.0,2.35225248336792,2.111652374267578,2.3166370391845703,2.6264162063598633,2
294,ChumBY21_24995_5323_100_1939_3.tif,3,3.0,3.010341167449951,2.9780588150024414,3.0475270748138428,3.008091449737549,3
295,ChumBY16_21129_3681_366_36606_3.tif,3,3.0,2.977442502975464,2.9796557426452637,2.998429775238037,2.955702304840088,3
296,ChumBY17_22020_4055_265_262_3.tif,3,3.0,2.9992237091064453,2.9855217933654785,2.994762897491455,3.017099380493164,3
297,ChumBY15_20279_5306_225_276_3.tif,3,3.0,3.0526442527770996,3.151184320449829,2.972658157348633,3.028329849243164,3
298,ChumBY19_23609_1607_735_973502_3.tif,3,3.0,3.019585609436035,2.9080514907836914,3.001223564147949,3.1484012603759766,3
299,ChumBY17_21960_3357_476_150_3.tif,3,3.0,3.017127275466919,3.0420026779174805,3.0263895988464355,2.983591318130493,3
300,ChumBY19_23669_3414_459_459111_3.tif,3,3.0,3.9211602210998535,3.891068935394287,3.8763763904571533,3.992964267730713,4
301,ChumBY21_24976_5310_92_7014_3.tif,3,3.0,3.037144184112549,3.0496511459350586,3.0831949710845947,2.9817776679992676,3
302,ChumBY21_24976_5310_90_6621_3.tif,3,3.0,3.6541872024536133,3.4142632484436035,3.9962754249572754,3.5763299465179443,4
303,ChumBY19_23588_3261_317_244_3.tif,3,3.0,3.023695468902588,2.966313600540161,3.1057047843933105,3.0048954486846924,3
304,ChumBY19_23588_3261_317_264_3.tif,3,3.0,3.018035888671875,2.9578328132629395,3.0800278186798096,3.0206820964813232,3
305,ChumBY21_24921_5320_67_6739_3.tif,3,3.0,3.0081615447998047,3.043470621109009,3.032341718673706,2.9502968788146973,3
306,ChumBY18_22785_5323_34_360_3.tif,3,3.0,3.0384695529937744,3.1069648265838623,2.9091548919677734,3.0901408195495605,3
307,ChumBY15_20276_5310_16_337_3.tif,3,3.0,3.0220236778259277,3.0348150730133057,3.004478931427002,3.025529146194458,3
308,ChumBY16_21138_3357_407_1180_3.tif,3,3.0,3.0178914070129395,3.0028531551361084,3.06721568107605,2.987074136734009,3
309,ChumBY13_18060_5306_207_523_3.tif,3,3.0,3.2397356033325195,3.0904769897460938,3.1528546810150146,3.470080852508545,3
310,ChumBY20_24344_4078_43_10_3.tif,3,3.0,3.043635606765747,3.0126054286956787,3.099208354949951,3.0230274200439453,3
311,ChumBY21_24937_4078_98_735_3.tif,3,3.0,3.510769844055176,3.3374180793762207,3.786480665206909,3.4279651641845703,4
312,ChumBY19_23747_5323_90_238_3.tif,3,3.0,2.9720005989074707,2.9704856872558594,2.9580016136169434,2.9865400791168213,3
313,ChumBY12_16121_5306_74_50_3.tif,3,3.0,3.0344347953796387,2.9648752212524414,3.111278533935547,3.032639265060425,3
314,ChumBY19_23747_5323_26_103_3.tif,3,3.0,3.1126699447631836,3.0383973121643066,3.250349283218384,3.0590057373046875,3
315,ChumBY17_22039_3896_407_41_3.tif,3,3.0,3.0259714126586914,2.9946463108062744,3.025259017944336,3.0580155849456787,3
316,ChumBY18_22830_3442_170_17003_3.tif,3,3.0,3.0063858032226562,2.992238998413086,3.0576443672180176,2.97287654876709,3
317,ChumBY21_24921_5320_70_7011_3.tif,3,3.0,3.1890745162963867,3.0147159099578857,3.1369211673736572,3.4122607707977295,3
318,ChumBY16_21119_4055_348_34807_3.tif,3,3.0,3.010563850402832,3.005711317062378,3.0323731899261475,2.995138645172119,3
319,2022-CRAW-113-10_3.tif,3,3.0,3.014418601989746,2.956716537475586,3.115811586380005,2.977908134460449,3
320,ChumBY20_24441_3671_375_5218_3.tif,3,3.0,3.04240345954895,2.989436626434326,3.118351936340332,3.0248184204101562,3
321,ChumBY19_23647_3681_336_32602_3.tif,3,3.0,2.987002372741699,2.957052707672119,3.043489694595337,2.9644603729248047,3
322,ChumBY20_24517_3794_549_125_3.tif,3,3.0,3.016491413116455,3.0425515174865723,2.986083984375,3.018669843673706,3
323,ChumBY19_23846_4055_465_465002_3.tif,3,3.0,3.9395766258239746,3.9684314727783203,3.883460760116577,3.96286940574646,4
324,ChumBY17_22040_3442_316_31610_3.tif,3,3.0,2.9877638816833496,2.958754062652588,2.978323459625244,3.025607109069824,3
325,ChumBY21_24976_5310_99_8044_3.tif,3,3.0,3.0609586238861084,3.0521256923675537,3.09529185295105,3.037870168685913,3
326,ChumBY19_23708_2943_341_98_3.tif,3,3.0,2.996485948562622,3.0354080200195312,2.9330615997314453,3.016491651535034,3
327,2021-HF-108-87_3.tif,3,3.0,3.0443146228790283,3.049398183822632,3.0518109798431396,3.0322492122650146,3
328,ChumBY17_22164_3357_519_23_3.tif,3,3.0,3.1512868404388428,3.0947482585906982,3.3140904903411865,3.056485891342163,3
329,ChumBY13_17527_5310_167_376_3.tif,3,3.0,2.99017333984375,2.980226993560791,2.984565258026123,3.0053539276123047,3
330,ChumBY18_22776_5310_152_1067_3.tif,3,3.0,3.0050129890441895,2.9391565322875977,2.982635736465454,3.0918033123016357,3
331,ChumBY20_24353_5306_537_2386_3.tif,3,3.0,3.294341564178467,3.1565568447113037,3.736220598220825,3.0213351249694824,3
332,ChumBY21_24976_5310_103_8929_3.tif,3,3.0,2.9997568130493164,3.04024338722229,2.963864803314209,2.992584228515625,3
333,ChumBY21_25081_5310_14_5010_3.tif,3,3.0,3.010265588760376,2.948307991027832,3.034712076187134,3.0495944023132324,3
334,ChumBY21_25072_4055_327_32708_3.tif,3,3.0,3.2522807121276855,3.060856580734253,3.0943143367767334,3.5909922122955322,3
335,ChumBY15_20401_5323_36_497_3.tif,3,3.0,2.985161542892456,2.9182982444763184,3.028059959411621,3.0122408866882324,3
336,ChumBY18_22830_3442_319_31938_3.tif,3,3.0,3.0117650032043457,2.988462209701538,3.026064395904541,3.0218076705932617,3
337,ChumBY20_24422_5323_75_690_3.tif,3,3.0,3.0823159217834473,3.1651809215545654,3.077564001083374,3.0037221908569336,3
338,ChumBY19_23581_3245_274_204_3.tif,3,3.0,3.000042200088501,3.033254861831665,2.9831502437591553,2.982482433319092,3
339,ChumBY17_21859_3870_223_235_3.tif,3,3.0,3.058945655822754,3.0419020652770996,3.1250271797180176,3.0145504474639893,3
340,ChumBY15_20399_4078_121_37_3.tif,3,3.0,2.989201068878174,2.9577465057373047,3.0070173740386963,3.0041394233703613,3
341,ChumBY18_22830_3442_317_31729_3.tif,3,3.0,3.0687127113342285,2.984658718109131,3.199476957321167,3.031280755996704,3
342,ChumBY21_25045_3245_330_33001_3.tif,3,3.0,3.0663533210754395,3.065631151199341,3.0745747089385986,3.05942964553833,3
343,ChumBY11_14442_4078_20_29_3.tif,3,3.0,2.9681296348571777,2.93408203125,2.961787700653076,3.0081374645233154,3
344,ChumBY21_24947_3671_215_1039_3.tif,3,3.0,3.0394272804260254,3.030902624130249,3.0841166973114014,3.006396770477295,3
345,ChumBY21_25004_3794_552_556_3.tif,3,3.0,3.0224294662475586,2.982748031616211,3.076235055923462,3.012131690979004,3
346,ChumBY21_24921_5320_71_7120_3.tif,3,3.0,4.08098840713501,4.200611591339111,3.9512016773223877,4.081877708435059,4
347,ChumBY21_24921_5320_66_66115_3.tif,3,3.0,3.04999041557312,3.0533647537231445,3.0837910175323486,3.0151686668395996,3
348,2020-HF-107-10_3.tif,3,3.0,3.2140097618103027,3.321617603302002,3.3647096157073975,2.966024875640869,3
349,ChumBY13_17981_5310_20_14_3.tif,3,3.0,3.997849464416504,4.063296794891357,3.936048746109009,3.9897711277008057,4
350,ChumBY21_24937_4078_58_326_3.tif,3,3.0,3.0405936241149902,3.002725601196289,3.077261447906494,3.044421672821045,3
351,ChumBY20_24389_5323_72_1342_3.tif,3,3.0,3.1855218410491943,3.498147964477539,3.0304319858551025,3.0165975093841553,3
352,ChumBY14_19372_5306_299_1079_3.tif,3,3.0,3.16904878616333,3.3619186878204346,3.161456346511841,2.982893466949463,3
353,ChumBY15_20276_5310_24_469_3.tif,3,3.0,3.795416831970215,4.181528091430664,3.1830461025238037,3.9782416820526123,4
354,ChumBY17_22037_3703_1245_1245001_3.tif,3,3.0,3.007215976715088,2.955845355987549,3.0678367614746094,3.0022895336151123,3
355,ChumBY21_24937_4078_73_641_3.tif,3,3.0,3.0172274112701416,3.015482187271118,3.0287246704101562,3.0082809925079346,3
356,ChumBY15_20434_3396_501_709_3.tif,3,3.0,3.0610036849975586,3.0265328884124756,3.099609851837158,3.059623956680298,3
357,ChumBY14_19400_3870_298_372_3.tif,3,3.0,2.9930100440979004,3.0113234519958496,2.9678452014923096,2.9980721473693848,3
358,2020-HF-110-3_3.tif,3,3.0,3.4182562828063965,3.812631607055664,3.4703218936920166,2.9747374057769775,3
359,ChumBY20_24422_5323_75_685_3.tif,3,3.0,3.0835764408111572,3.0815064907073975,3.1701838970184326,3.005086898803711,3
360,ChumBY15_20214_4078_113_260_3.tif,3,3.0,2.9889745712280273,3.0093045234680176,3.000530242919922,2.9578588008880615,3
361,ChumBY19_23714_3357_385_38501_3.tif,3,3.0,3.0889601707458496,3.0046427249908447,3.306074380874634,2.971467971801758,3
362,ChumBY17_22035_3896_255_253_3.tif,3,3.0,2.996941089630127,2.8805627822875977,3.005229949951172,3.105818748474121,3
363,ChumBY12_15519_5310_94_6_3.tif,3,3.0,3.006598949432373,2.9831738471984863,3.0575320720672607,2.9826879501342773,3
364,ChumBY19_23634_3396_322_322110_3.tif,3,3.0,2.9831676483154297,2.9329214096069336,2.991076946258545,3.0261478424072266,3
365,ChumBY18_22785_5323_33_265_3.tif,3,3.0,2.988523483276367,2.9600830078125,3.020817995071411,2.9869742393493652,3
366,ChumBY19_23628_5306_70_197_3.tif,3,3.0,3.0619986057281494,2.968404769897461,3.1253843307495117,3.096798896789551,3
367,ChumBY21_24976_5310_90_6489_3.tif,3,3.0,3.042813301086426,2.97648286819458,3.058981418609619,3.094223737716675,3
368,ChumBY13_17981_5310_21_89_3.tif,3,3.0,3.27388334274292,3.6383299827575684,3.070223808288574,3.0982255935668945,3
369,ChumBY19_23600_3896_311_266_3.tif,3,3.0,2.950766086578369,2.9090709686279297,2.9573447704315186,2.986416816711426,3
370,ChumBY18_22864_3261_331_35_3.tif,3,3.0,3.0303540229797363,3.026618242263794,3.057732343673706,3.008629083633423,3
371,ChumBY21_24976_5310_92_7062_3.tif,3,3.0,3.1022210121154785,3.1815686225891113,3.1614632606506348,2.967622756958008,3
372,ChumBY13_18060_5306_291_888_3.tif,3,3.0,3.000185012817383,2.9987659454345703,3.040037155151367,2.96453595161438,3
373,2022-HF-108-95_3.tif,3,3.0,3.6239047050476074,3.601468324661255,3.600385904312134,3.6682589054107666,4
374,ChumBY18_22846_4078_5_504_3.tif,3,3.0,3.0115299224853516,2.9867727756500244,3.0121116638183594,3.035790205001831,3
375,ChumBY21_24976_5310_104_9105_3.tif,3,3.0,3.015468120574951,2.9826507568359375,3.098151683807373,2.971431016921997,3
376,ChumBY20_24406_3681_315_31518_3.tif,3,3.0,3.0330066680908203,3.0161283016204834,3.089816093444824,2.9970715045928955,3
377,ChumBY20_24389_5323_40_652_3.tif,3,3.0,3.0025529861450195,2.96513032913208,3.02919864654541,3.015256881713867,3
378,ChumBY19_23602_5320_29_2913_3.tif,3,3.0,3.141336441040039,3.2077150344848633,3.251572847366333,2.9722957611083984,3
379,2022-HF-108-8_3.tif,3,3.0,3.415605306625366,3.572126865386963,3.6880099773406982,3.005408525466919,3
380,ChumBY21_24976_5310_102_8620_3.tif,3,3.0,3.1152536869049072,3.0176732540130615,3.2623634338378906,3.076167345046997,3
381,ChumBY21_24995_5323_103_2175_3.tif,3,3.0,3.0325212478637695,3.0329513549804688,3.035224199295044,3.029576301574707,3
382,ChumBY21_25049_3357_372_37210_3.tif,3,3.0,3.060297966003418,3.0670478343963623,3.0388035774230957,3.0735299587249756,3
383,ChumBY19_23674_4111_941_1275_3.tif,3,3.0,3.0089969635009766,3.0048372745513916,3.0344293117523193,2.989506244659424,3
384,ChumBY15_20232_3703_823_823001_3.tif,3,3.0,2.9484639167785645,2.9477219581604004,2.921762228012085,2.974045515060425,3
385,ChumBY15_20222_5306_18_137_3.tif,3,3.0,2.975167989730835,2.9634504318237305,2.9465692043304443,3.0135092735290527,3
386,ChumBY18_22815_3896_362_3621_3.tif,3,3.0,3.1096420288085938,3.4393296241760254,2.8716907501220703,3.000704050064087,3
387,ChumBY13_17981_5310_23_116_3.tif,3,3.0,3.0342283248901367,3.054379940032959,3.0910723209381104,2.9611639976501465,3
388,ChumBY21_24976_5310_68_5771_3.tif,3,3.0,3.00582218170166,2.9691343307495117,3.053417444229126,2.998302936553955,3
389,ChumBY21_25049_3357_385_38512_3.tif,3,3.0,4.038249969482422,4.215781211853027,3.9078192710876465,3.981727123260498,4
390,ChumBY19_23581_3245_320_451_3.tif,3,3.0,3.0487637519836426,3.004801034927368,3.101830244064331,3.043442726135254,3
391,ChumBY21_25072_4055_389_38916_3.tif,3,3.0,2.9967541694641113,2.971444606781006,3.050229549407959,2.9723658561706543,3
392,ChumBY21_24921_5320_63_6328_3.tif,3,3.0,3.014596939086914,3.074702024459839,2.9857637882232666,2.9812045097351074,3
393,ChumBY21_24976_5310_97_7828_3.tif,3,3.0,3.045956611633301,3.0287413597106934,3.0713469982147217,3.0395843982696533,3
394,ChumBY21_25019_3442_302_30211_3.tif,3,3.0,3.0928688049316406,3.023944854736328,3.1714558601379395,3.0888147354125977,3
395,ChumBY16_21435_1607_725_289_3.tif,3,3.0,3.0293498039245605,3.146538257598877,2.976686477661133,2.960937738418579,3
396,2022-CRAW-113-89_3.tif,3,3.0,2.9713127613067627,3.0050151348114014,2.919534206390381,2.9857144355773926,3
397,ChumBY21_24947_3671_202_782_3.tif,3,3.0,3.055541515350342,3.0316708087921143,3.1387367248535156,3.0020668506622314,3
398,ChumBY18_22864_3261_331_52_3.tif,3,3.0,3.0181283950805664,2.981753349304199,3.0072333812713623,3.0647034645080566,3
399,ChumBY21_24983_5306_182_1286_3.tif,3,3.0,3.8829145431518555,4.013942241668701,3.8227462768554688,3.807620048522949,4
400,ChumBY19_23610_5306_131_705_3.tif,3,3.0,3.045170307159424,3.1598684787750244,2.9568402767181396,3.012430191040039,3
401,ChumBY18_22864_3261_272_9_3.tif,3,3.0,3.1429805755615234,3.133922576904297,3.289942502975464,3.015349864959717,3
402,ChumBY14_19581_4078_191_112_3.tif,3,3.0,3.0290029048919678,2.997349739074707,3.047811269760132,3.043217658996582,3
403,ChumBY20_24353_5306_498_2293_3.tif,3,3.0,3.0613675117492676,3.288940191268921,2.860168933868408,3.020540714263916,3
404,2022-CRAW-106-3_3.tif,3,3.0,3.302684783935547,3.635166645050049,3.2634661197662354,3.0060842037200928,3
405,ChumBY19_23609_1607_523_952309_3.tif,3,3.0,2.978060245513916,2.9565234184265137,2.8937411308288574,3.0780704021453857,3
406,2022-DI-105-8_3.tif,3,3.0,3.0025370121002197,3.078786611557007,2.9113218784332275,3.0109987258911133,3
407,ChumBY19_23674_4111_838_1053_3.tif,3,3.0,2.9916553497314453,2.9957823753356934,2.9884204864501953,2.990530014038086,3
408,ChumBY21_25139_3896_403_40302_3.tif,3,3.0,2.950143337249756,2.896340847015381,2.94989013671875,3.0042781829833984,3
409,ChumBY21_24976_5310_97_7880_3.tif,3,3.0,2.9968461990356445,3.0093741416931152,3.012664556503296,2.9695818424224854,3
410,2021-HF-109-95_3.tif,3,3.0,3.2635936737060547,3.2450060844421387,3.529996156692505,3.0344040393829346,3
411,ChumBY21_24995_5323_90_1252_3.tif,3,3.0,2.987844944000244,2.9775943756103516,2.987053632736206,2.998850107192993,3
412,2022-CRAW-110-93_3.tif,3,3.0,3.0685553550720215,3.1382040977478027,3.065079927444458,3.0020134449005127,3
413,ChumBY16_21167_5310_150_880_3.tif,3,3.0,3.029773235321045,3.047255039215088,3.053879737854004,2.9898362159729004,3
414,ChumBY21_24976_5310_94_7663_3.tif,3,3.0,3.088818311691284,2.966369152069092,3.053647518157959,3.2442049980163574,3
415,ChumBY19_23610_5306_93_343_3.tif,3,3.0,3.017505645751953,3.0179176330566406,2.9457359313964844,3.0838534832000732,3
416,ChumBY14_19372_5306_340_1585_3.tif,3,3.0,3.8925251960754395,3.948639154434204,3.700979232788086,4.014488220214844,4
417,ChumBY15_20528_5306_11_14_3.tif,3,3.0,3.2455673217773438,3.232435941696167,3.0563879013061523,3.4346988201141357,3
418,ChumBY15_20208_5310_143_529_3.tif,3,3.0,3.034280776977539,3.0717549324035645,2.978635549545288,3.0485005378723145,3
419,ChumBY21_25019_3442_268_26809_3.tif,3,3.0,3.5088324546813965,3.524764060974121,4.020575523376465,3.0168440341949463,4
420,ChumBY21_24983_5306_195_1796_3.tif,3,3.0,3.0523312091827393,2.9717841148376465,3.21181583404541,2.9846692085266113,3
421,ChumBY13_17760_5320_106_228_3.tif,3,3.0,3.9833054542541504,3.9127039909362793,4.028507232666016,4.011987686157227,4
422,ChumBY13_17981_5310_23_122_3.tif,3,3.0,3.0575461387634277,3.6091043949127197,2.4608852863311768,3.0600123405456543,3
423,ChumBY21_25049_3357_379_37911_3.tif,3,3.0,3.089150905609131,3.1184868812561035,3.097538948059082,3.0519590377807617,3
424,ChumBY20_24524_5320_24_205_3.tif,3,3.0,2.1466269493103027,2.1553897857666016,2.1018171310424805,2.1795308589935303,2
425,ChumBY20_24383_3261_276_27603_3.tif,3,3.0,3.003812789916992,2.98795747756958,3.0046262741088867,3.018939971923828,3
426,ChumBY21_25032_2943_241_24169_3.tif,3,3.0,3.6567788124084473,3.131173610687256,3.8361823558807373,4.016449928283691,4
427,2022-CRAW-107-88_3.tif,3,3.0,3.2394216060638428,3.4401512145996094,3.317556619644165,2.9656481742858887,3
428,ChumBY18_22785_5323_34_372_3.tif,3,3.0,3.0233819484710693,2.975510597229004,3.064352512359619,3.033228635787964,3
429,ChumBY18_22739_3396_409_608_3.tif,3,3.0,3.0132718086242676,2.9849143028259277,3.0724692344665527,2.9866139888763428,3
430,ChumBY18_22819_5323_77_573_3.tif,3,3.0,3.011974811553955,3.000983715057373,3.0218217372894287,3.0138254165649414,3
431,ChumBY21_24983_5306_111_721_3.tif,3,3.0,3.015578508377075,3.0472311973571777,3.000236749649048,2.9981398582458496,3
432,ChumBY19_23674_4111_848_1194_3.tif,3,3.0,3.0220093727111816,3.005552053451538,3.017137289047241,3.0430283546447754,3
433,ChumBY21_24920_3414_315_21_3.tif,3,3.0,2.9982266426086426,2.9730653762817383,2.9954426288604736,3.0260231494903564,3
434,ChumBY20_24353_5306_339_1098_3.tif,3,3.0,3.560896635055542,3.1697707176208496,3.7941946983337402,3.7357122898101807,4
435,ChumBY15_20434_3396_503_743_3.tif,3,3.0,3.2703499794006348,3.443633556365967,3.403670072555542,2.9727375507354736,3
436,ChumBY18_22785_5323_33_297_3.tif,3,3.0,3.040562152862549,3.0260403156280518,2.9997239112854004,3.0930981636047363,3
437,ChumBY21_25072_4055_433_43302_3.tif,3,3.0,3.206625461578369,3.0022764205932617,3.0890092849731445,3.5207502841949463,3
438,ChumBY20_24364_4111_863_86304_3.tif,3,3.0,3.0418307781219482,3.0046207904815674,3.008352041244507,3.1102499961853027,3
439,ChumBY15_20279_5306_260_486_3.tif,3,3.0,2.977863073348999,2.986746311187744,2.94266939163208,3.0017011165618896,3
440,ChumBY15_20401_5323_87_997_3.tif,3,3.0,3.2076785564422607,3.3098740577697754,3.32696270942688,2.994339942932129,3
441,ChumBY20_24292_5310_81_742_3.tif,3,3.0,3.9459385871887207,3.9552884101867676,3.90156626701355,3.97784686088562,4
442,ChumBY17_22037_3703_1256_1256001_3.tif,3,3.0,2.997922897338867,2.9953060150146484,3.0025763511657715,2.996216058731079,3
443,2020-HF-103-15_3.tif,3,3.0,3.866307497024536,3.901458263397217,3.710707664489746,3.9758334159851074,4
444,ChumBY21_25088_2943_381_38133_3.tif,3,3.0,3.0516433715820312,3.0947179794311523,3.0019407272338867,3.054724931716919,3
445,ChumBY15_20401_5323_60_811_3.tif,3,3.0,3.0157289505004883,2.9828691482543945,3.065274953842163,3.0025603771209717,3
446,ChumBY20_24534_4055_328_32803_3.tif,3,3.0,3.0956056118011475,3.035432815551758,3.139936923980713,3.114649772644043,3
447,ChumBY18_22785_5323_33_293_3.tif,3,3.0,3.0506653785705566,2.985191822052002,3.1355249881744385,3.037320375442505,3
448,ChumBY19_23618_5323_25_81_3.tif,3,3.0,2.968748092651367,2.891253709793091,3.0348758697509766,2.984870195388794,3
449,ChumBY18_22785_5323_27_120_3.tif,3,3.0,3.031517267227173,3.0613467693328857,3.00301456451416,3.0281476974487305,3
450,ChumBY17_21978_5323_101_686_3.tif,3,3.0,3.0263068675994873,2.9715538024902344,3.0689265727996826,3.041513442993164,3
451,ChumBY16_21177_3671_270_285_3.tif,3,3.0,3.0151939392089844,3.0098001956939697,3.0895326137542725,2.951447010040283,3
452,ChumBY17_22006_4063_313_31319_3.tif,3,3.0,3.7602992057800293,3.99822998046875,3.564924955368042,3.7036781311035156,4
453,ChumBY12_15756_5306_268_185_3.tif,3,3.0,2.9163296222686768,2.920433521270752,3.1474883556365967,2.697192430496216,3
454,2020-HF-107-4_3.tif,3,3.0,3.306140184402466,3.1415131092071533,3.7477848529815674,3.0602424144744873,3
455,ChumBY17_22006_4063_368_3681_3.tif,3,3.0,3.022397518157959,3.0074214935302734,2.993626594543457,3.0641629695892334,3
456,ChumBY21_24976_5310_101_8456_3.tif,3,3.0,3.034240245819092,3.0493788719177246,3.0561869144439697,2.998659372329712,3
457,2020-CRAW-109-3_3.tif,3,3.0,3.0175037384033203,2.957653522491455,3.066077470779419,3.032278537750244,3
458,ChumBY12_16121_5306_48_39_3.tif,3,3.0,3.0347225666046143,2.992626190185547,3.0441691875457764,3.0681076049804688,3
459,ChumBY18_22910_5306_12_92_3.tif,3,3.0,2.9922266006469727,2.969944477081299,2.9953131675720215,3.0116777420043945,3
460,ChumBY17_22068_3245_291_840_3.tif,3,3.0,3.001987934112549,2.9876770973205566,3.0071213245391846,3.011549472808838,3
461,ChumBY13_18060_5306_235_650_3.tif,3,3.0,2.9646904468536377,2.857137680053711,3.06662917137146,2.9776129722595215,3
462,ChumBY21_24976_5310_103_8917_3.tif,3,3.0,3.118969440460205,3.251199245452881,3.0517544746398926,3.049025058746338,3
463,ChumBY13_18060_5306_229_619_3.tif,3,3.0,3.5045218467712402,3.8693575859069824,3.556443452835083,3.0907299518585205,4
464,ChumBY19_23577_3357_184_18402_3.tif,3,3.0,3.067357063293457,3.0003130435943604,3.148341655731201,3.059189796447754,3
465,ChumBY21_25007_4063_396_10223_3.tif,3,3.0,3.0787055492401123,3.1404075622558594,2.9552011489868164,3.131777286529541,3
466,ChumBY21_24995_5323_98_1778_3.tif,3,3.0,3.9194493293762207,3.801685094833374,4.152866840362549,3.820298671722412,4
467,ChumBY15_20208_5310_150_1372_3.tif,3,3.0,3.7336318492889404,3.3763062953948975,3.923150062561035,3.9153106212615967,4
468,ChumBY21_24995_5323_71_800_3.tif,3,3.0,3.0638318061828613,3.00814151763916,3.147003173828125,3.0422561168670654,3
469,2022-HF-102-5_3.tif,3,3.0,3.043590545654297,3.128387928009033,3.032888889312744,2.968594789505005,3
470,ChumBY21_24976_5310_89_6405_3.tif,3,3.0,3.4385361671447754,3.4566073417663574,3.69454288482666,3.1822919845581055,3
471,ChumBY19_23600_3896_328_364_3.tif,3,3.0,3.0138509273529053,2.9837265014648438,3.0821893215179443,2.9804611206054688,3
472,ChumBY19_23634_3396_397_39701_3.tif,3,3.0,3.057281255722046,2.9991633892059326,3.165665626525879,3.014683485031128,3
473,ChumBY15_20222_5306_15_105_3.tif,3,3.0,3.021873950958252,3.0031824111938477,3.012483835220337,3.0493342876434326,3
474,ChumBY17_21960_3357_476_156_3.tif,3,3.0,3.7799572944641113,3.9694063663482666,3.3299477100372314,4.008769989013672,4
475,ChumBY17_22000_5306_178_700_3.tif,3,3.0,2.971923351287842,2.9688796997070312,2.9516794681549072,2.9938039779663086,3
476,ChumBY21_25019_3442_457_45702_3.tif,3,3.0,2.9992337226867676,2.974045753479004,3.0275070667266846,2.9981675148010254,3
477,ChumBY21_25072_4055_390_39012_3.tif,3,3.0,3.032242774963379,3.0363223552703857,3.0597851276397705,3.0025360584259033,3
478,ChumBY13_17527_5310_185_400_3.tif,3,3.0,3.035457134246826,3.029850959777832,3.018336534500122,3.056999683380127,3
479,ChumBY19_23588_3261_317_270_3.tif,3,3.0,3.053450107574463,3.022301435470581,3.0120887756347656,3.1231296062469482,3
480,ChumBY19_23433_5323_10_273_3.tif,3,3.0,3.0089454650878906,2.9623966217041016,3.028965950012207,3.0369555950164795,3
481,ChumBY21_24921_5320_64_64195_3.tif,3,3.0,3.0134153366088867,3.0437021255493164,2.997406482696533,2.9979662895202637,3
482,ChumBY21_24976_5310_65_5709_3.tif,3,3.0,3.0434539318084717,2.945070266723633,3.163902521133423,3.029973030090332,3
483,ChumBY20_24389_5323_23_281_3.tif,3,3.0,2.985772132873535,2.9372637271881104,3.060936689376831,2.964449405670166,3
484,ChumBY21_25125_5306_70_5072_3.tif,3,3.0,3.214404821395874,3.101809024810791,2.9929699897766113,3.533184289932251,3
485,ChumBY21_25081_5310_69_5054_3.tif,3,3.0,3.5399482250213623,3.7166357040405273,3.8539578914642334,3.070847511291504,4
486,ChumBY18_22819_5323_75_553_3.tif,3,3.0,2.984898805618286,3.0197935104370117,2.9390106201171875,2.9926271438598633,3
487,ChumBY21_24921_5320_70_7035_3.tif,3,3.0,3.9844892024993896,4.0366010665893555,3.931896924972534,3.9812047481536865,4
488,ChumBY21_25072_4055_332_33228_3.tif,3,3.0,3.055692672729492,3.061201572418213,3.0902132987976074,3.0180630683898926,3
489,ChumBY16_21407_5310_6_132_3.tif,3,3.0,2.9910688400268555,2.983264446258545,2.9822745323181152,3.0070676803588867,3
490,ChumBY16_21282_3414_7_701_3.tif,3,3.0,3.0742549896240234,3.0689985752105713,3.179231643676758,2.9818713665008545,3
491,ChumBY15_20382_3870_322_420_3.tif,3,3.0,2.9812521934509277,2.943490982055664,3.0062572956085205,2.995821475982666,3
492,ChumBY15_20214_4078_109_74_3.tif,3,3.0,3.0142486095428467,3.0440351963043213,3.007303476333618,2.99086856842041,3
493,ChumBY19_23636_3794_446_446154_3.tif,3,3.0,2.9709248542785645,2.9215402603149414,3.029212713241577,2.9661784172058105,3
494,ChumBY21_24976_5310_57_5619_3.tif,3,3.0,3.0186543464660645,3.0172441005706787,2.9972658157348633,3.0399627685546875,3
495,ChumBY15_20232_3703_845_845003_3.tif,3,3.0,3.1190285682678223,3.3400726318359375,3.3912227153778076,2.644387722015381,3
496,ChumBY21_24976_5310_93_7342_3.tif,3,3.0,3.7667810916900635,3.631765365600586,3.842547655105591,3.831561326980591,4
497,ChumBY15_20382_3870_341_496_3.tif,3,3.0,3.0096001625061035,3.0171127319335938,2.9811227321624756,3.028563976287842,3
498,ChumBY19_23433_5323_10_338_3.tif,3,3.0,3.965801477432251,3.9530653953552246,3.9561519622802734,3.987536668777466,4
499,ChumBY20_24353_5306_129_15_3.tif,3,3.0,3.3160669803619385,3.501706838607788,3.246312141418457,3.194978713989258,3
500,ChumBY21_25049_3357_372_37226_3.tif,3,3.0,3.0864548683166504,3.033475160598755,3.1147868633270264,3.113175868988037,3
501,2022-CRAW-110-95_3.tif,3,3.0,3.270756721496582,3.707019805908203,3.1083083152770996,2.9848175048828125,3
502,ChumBY21_24976_5310_101_8468_3.tif,3,3.0,3.04335880279541,3.0033600330352783,3.127803325653076,3.0048787593841553,3
503,ChumBY20_24292_5310_81_951_3.tif,3,3.0,3.254153251647949,3.5301084518432617,3.177572011947632,3.048936605453491,3
504,ChumBY18_22955_3896_398_39801_3.tif,3,3.0,3.131636142730713,3.15169620513916,3.2229676246643066,3.026582956314087,3
505,ChumBY20_24441_3671_376_5279_3.tif,3,3.0,3.2961418628692627,3.4594614505767822,3.4779348373413086,2.9634222984313965,3
506,ChumBY21_24976_5310_60_5651_3.tif,3,3.0,3.017711639404297,2.956295967102051,3.0488083362579346,3.0503122806549072,3
507,ChumBY21_25032_2943_244_24405_3.tif,3,3.0,3.0645647048950195,3.119269847869873,3.0782408714294434,2.9970383644104004,3
508,ChumBY20_24568_5306_164_626_3.tif,3,3.0,3.0426042079925537,3.0600383281707764,3.0643184185028076,3.0049402713775635,3
509,ChumBY11_14518_5310_83_190_3.tif,3,3.0,3.137685775756836,3.1573715209960938,3.2869715690612793,2.979097366333008,3
510,ChumBY20_24568_5306_170_658_3.tif,3,3.0,3.5368871688842773,3.839268684387207,3.428290843963623,3.334977626800537,4
511,ChumBY20_24344_4078_48_16_3.tif,3,3.0,3.008960247039795,3.018724203109741,3.0166728496551514,2.992003917694092,3
512,ChumBY21_24921_5320_69_69143_3.tif,3,3.0,3.113868236541748,3.078457832336426,3.219292640686035,3.0512757301330566,3
513,ChumBY14_19372_5306_298_1047_3.tif,3,3.0,2.983663320541382,2.968545913696289,3.0389158725738525,2.9474117755889893,3
514,ChumBY19_23605_3870_219_406_3.tif,3,3.0,3.004396915435791,2.987860679626465,3.048729658126831,2.979724168777466,3
515,ChumBY21_25072_4055_389_38908_3.tif,3,3.0,3.0214266777038574,2.98386549949646,3.076993703842163,3.007366418838501,3
516,ChumBY19_23605_3870_219_321_3.tif,3,3.0,3.0365171432495117,3.0217370986938477,3.087827682495117,3.0035946369171143,3
517,ChumBY19_23674_4111_848_1199_3.tif,3,3.0,3.1296017169952393,3.133709669113159,3.215873956680298,3.0452351570129395,3
518,ChumBY21_24976_5310_90_6545_3.tif,3,3.0,3.3059444427490234,3.2045352458953857,3.1000654697418213,3.5990469455718994,3
519,ChumBY21_24976_5310_74_5987_3.tif,3,3.0,3.055576801300049,3.0140419006347656,3.106184482574463,3.0501112937927246,3
520,ChumBY20_24441_3671_378_5499_3.tif,3,3.0,3.5573558807373047,3.567619800567627,3.2694551944732666,3.8148810863494873,4
521,ChumBY20_24386_4078_92_91_3.tif,3,3.0,3.1681652069091797,3.3003246784210205,3.2161502838134766,2.991131067276001,3
522,ChumBY16_21392_3896_431_43104_3.tif,3,3.0,3.0074307918548584,2.9753706455230713,2.978956699371338,3.066035509109497,3
523,ChumBY19_23600_3896_330_413_3.tif,3,3.0,2.9942564964294434,2.9958105087280273,3.0363364219665527,2.953557014465332,3
524,ChumBY21_25019_3442_307_30704_3.tif,3,3.0,3.0286850929260254,2.956063747406006,3.083233118057251,3.05069637298584,3
525,ChumBY19_23610_5306_131_765_3.tif,3,3.0,2.9927797317504883,2.947958469390869,3.0610456466674805,2.974180221557617,3
526,ChumBY20_24364_4111_955_95502_3.tif,3,3.0,3.0555129051208496,3.0285820960998535,3.1269443035125732,3.0160458087921143,3
527,ChumBY21_24995_5323_97_1689_3.tif,3,3.0,3.691391944885254,3.642775058746338,3.439201831817627,3.9746861457824707,4
528,NS0702M004_3.tif,3,3.0,3.325214385986328,3.223801374435425,3.1200459003448486,3.6176605224609375,3
529,ChumBY21_24976_5310_90_6461_3.tif,3,3.0,3.7090911865234375,3.690852642059326,3.9157185554504395,3.5351569652557373,4
530,ChumBY18_22797_1607_520_52012_3.tif,3,3.0,3.0226402282714844,2.995260715484619,3.0380501747131348,3.0357344150543213,3
531,ChumBY21_24937_4078_71_628_3.tif,3,3.0,3.036405086517334,3.0717079639434814,3.0408825874328613,2.996873140335083,3
532,ChumBY21_24983_5306_210_2338_3.tif,3,3.0,3.029015064239502,2.9737672805786133,3.043886661529541,3.0705292224884033,3
533,ChumBY18_22783_4063_214_21405_3.tif,3,3.0,2.9935436248779297,2.926546573638916,3.0463738441467285,3.0115184783935547,3
534,ChumBY21_24995_5323_60_559_3.tif,3,3.0,3.0246622562408447,2.9903106689453125,3.0500216484069824,3.0354864597320557,3
535,ChumBY21_24921_5320_71_7182_3.tif,3,3.0,3.0303902626037598,2.987631320953369,3.0511012077331543,3.0539608001708984,3
536,ChumBY20_24389_5323_61_1127_3.tif,3,3.0,3.05837345123291,3.1062371730804443,3.029736042022705,3.037062406539917,3
537,ChumBY19_23628_5306_78_270_3.tif,3,3.0,3.0070056915283203,2.9158263206481934,3.1234419345855713,2.990039587020874,3
538,ChumBY21_24921_5320_45_4517_3.tif,3,3.0,2.9920549392700195,2.9565515518188477,2.9746713638305664,3.043792486190796,3
539,ChumBY15_20208_5310_137_401_3.tif,3,3.0,3.1001648902893066,3.1547789573669434,3.1197590827941895,3.027226209640503,3
540,ChumBY21_25049_3357_376_37610_3.tif,3,3.0,3.1749396324157715,3.107632637023926,3.1342897415161133,3.2801806926727295,3
541,ChumBY17_22039_3896_435_161_3.tif,3,3.0,2.97109317779541,3.0212976932525635,2.9641449451446533,2.9272613525390625,3
542,ChumBY21_24976_5310_93_7482_3.tif,3,3.0,3.2391839027404785,3.2109451293945312,3.482982635498047,3.0406899452209473,3
543,ChumBY18_22832_4111_446_44602_3.tif,3,3.0,3.0160136222839355,2.9902405738830566,3.0360372066497803,3.023206949234009,3
544,ChumBY19_23602_5320_53_5343_3.tif,3,3.0,3.0177669525146484,3.005164623260498,2.962899684906006,3.0814297199249268,3
545,ChumBY19_23524_4055_332_332002_3.tif,3,3.0,3.962947368621826,4.038614273071289,3.818402051925659,4.021601676940918,4
546,ChumBY21_24921_5320_65_6543_3.tif,3,3.0,3.021019458770752,2.9561829566955566,3.0955328941345215,3.0166594982147217,3
547,ChumBY21_24976_5310_94_7639_3.tif,3,3.0,3.180215835571289,3.1924545764923096,3.3656580448150635,2.9954545497894287,3
548,ChumBY19_23602_5320_53_5363_3.tif,3,3.0,3.0400543212890625,3.0210657119750977,3.080474376678467,3.0214781761169434,3
549,ChumBY21_24921_5320_66_6688_3.tif,3,3.0,3.0378048419952393,3.0237762928009033,3.036050319671631,3.05349063873291,3
550,ChumBY21_25049_3357_375_37516_3.tif,3,3.0,2.993048667907715,2.9815011024475098,3.013598918914795,2.985501289367676,3
551,ChumBY15_20343_5320_47_436_3.tif,3,3.0,2.98755145072937,3.005662679672241,2.9520835876464844,3.0023996829986572,3
552,ChumBY15_20276_5310_1_25_3.tif,3,3.0,3.006328582763672,3.02742338180542,2.975374698638916,3.0139896869659424,3
553,ChumBY11_14311_5310_128_567_3.tif,3,3.0,3.0263776779174805,2.9493205547332764,3.158217668533325,2.9809350967407227,3
554,ChumBY19_23577_3357_286_28640_3.tif,3,3.0,3.0582797527313232,3.03597354888916,3.114748239517212,3.0280983448028564,3
555,ChumBY16_21138_3357_389_1126_3.tif,3,3.0,2.99359130859375,2.997091293334961,2.9840519428253174,2.9989583492279053,3
556,ChumBY16_21128_3703_943_515_3.tif,3,3.0,3.011198043823242,2.9852235317230225,3.081956148147583,2.9713997840881348,3
557,ChumBY20_24389_5323_58_1045_3.tif,3,3.0,3.434333324432373,3.365675926208496,2.929100275039673,3.9730875492095947,3
558,ChumBY20_24293_5310_107_313_3.tif,3,3.0,3.7023587226867676,3.5353384017944336,3.862654447555542,3.720571517944336,4
559,ChumBY15_20528_5306_62_174_3.tif,3,3.0,3.343136787414551,3.738192558288574,3.253119945526123,3.031102418899536,3
560,ChumBY18_22993_5358_30_406_3.tif,3,3.0,3.113574981689453,3.2943801879882812,3.0175817012786865,3.021737575531006,3
561,ChumBY20_24344_4078_39_8_3.tif,3,3.0,2.96091628074646,2.9742472171783447,2.876938819885254,3.0256776809692383,3
562,ChumBY15_20276_5310_2_41_3.tif,3,3.0,2.9354562759399414,2.933861255645752,2.9045867919921875,2.9657695293426514,3
563,ChumBY18_22830_3442_319_31979_3.tif,3,3.0,3.007880210876465,2.964984893798828,3.0343384742736816,3.0262410640716553,3
564,ChumBY21_24976_5310_101_8556_3.tif,3,3.0,3.3675894737243652,3.672671318054199,2.9101016521453857,3.487516403198242,3
565,ChumBY14_19596_3794_420_51_3.tif,3,3.0,3.5134572982788086,3.3261454105377197,3.5970962047576904,3.6233057975769043,4
566,ChumBY17_22037_3703_1199_119901_3.tif,3,3.0,2.9866461753845215,2.9747190475463867,2.959493637084961,3.0238523483276367,3
567,ChumBY19_23634_3396_322_322112_3.tif,3,3.0,3.105774402618408,3.1061315536499023,3.118269920349121,3.093792676925659,3
568,ChumBY19_23581_3245_321_456_3.tif,3,3.0,3.0263171195983887,3.057586431503296,3.0099380016326904,3.0102267265319824,3
569,ChumBY12_15756_5306_247_117_3.tif,3,3.0,3.7413206100463867,4.18388557434082,3.9487850666046143,3.104971170425415,4
570,ChumBY17_22030_3261_242_4044_3.tif,3,3.0,3.262935161590576,3.4733831882476807,3.2624354362487793,3.052572727203369,3
571,ChumBY21_25049_3357_383_38334_3.tif,3,3.0,3.013167142868042,2.946898937225342,3.097538948059082,3.0010716915130615,3
572,ChumBY18_22819_5323_44_413_3.tif,3,3.0,2.980890989303589,2.861445188522339,3.0789098739624023,3.0093743801116943,3
573,ChumBY17_22094_5306_48_111_3.tif,3,3.0,3.0798089504241943,3.0636303424835205,3.2139623165130615,2.9712259769439697,3
574,ChumBY20_24389_5323_23_291_3.tif,3,3.0,3.0940513610839844,3.103743553161621,3.1423470973968506,3.0394163131713867,3
575,ChumBY19_23634_3396_396_39612_3.tif,3,3.0,2.9954888820648193,2.961024284362793,3.0383734703063965,2.990123748779297,3
576,ChumBY16_21392_3896_417_41701_3.tif,3,3.0,3.3598313331604004,3.968271255493164,3.133000612258911,2.9612936973571777,3
577,ChumBY15_20528_5306_31_67_3.tif,3,3.0,3.0328216552734375,3.0776290893554688,3.0179927349090576,3.0017268657684326,3
578,ChumBY15_20401_5323_46_677_3.tif,3,3.0,3.0408620834350586,2.9779367446899414,3.0101773738861084,3.132444143295288,3
579,ChumBY17_21978_5323_86_356_3.tif,3,3.0,3.240170478820801,3.1964921951293945,3.5200467109680176,3.0235841274261475,3
580,ChumBY21_24983_5306_108_612_3.tif,3,3.0,3.0566725730895996,3.0430104732513428,3.132955312728882,2.9994006156921387,3
581,2021-HF-106-8_3.tif,3,3.0,3.5807595252990723,3.6551623344421387,3.7831008434295654,3.318002700805664,4
582,ChumBY21_24995_5323_98_1753_3.tif,3,3.0,3.032090902328491,3.0086376667022705,3.0785739421844482,3.0123472213745117,3
583,ChumBY16_21201_5320_85_8506_3.tif,3,3.0,2.9930317401885986,3.037419557571411,2.918036460876465,3.018325090408325,3
584,ChumBY21_24921_5320_70_7091_3.tif,3,3.0,3.022270917892456,3.0610976219177246,2.9961233139038086,3.007697343826294,3
585,ChumBY17_22105_3414_428_42803_3.tif,3,3.0,2.9756665229797363,2.9224772453308105,3.0024890899658203,3.0040018558502197,3
586,ChumBY18_22741_5306_322_880_3.tif,3,3.0,3.026550769805908,2.963167667388916,3.0361711978912354,3.081099271774292,3
587,ChumBY17_22094_5306_58_216_3.tif,3,3.0,3.0026135444641113,2.9984779357910156,3.021134376525879,2.989528179168701,3
588,ChumBY19_23581_3245_289_289_3.tif,3,3.0,3.0538973808288574,3.090392589569092,3.081892490386963,2.9912946224212646,3
589,ChumBY19_23433_5323_9_82_3.tif,3,3.0,3.011645793914795,2.9455199241638184,3.0404131412506104,3.0511314868927,3
590,ChumBY16_21199_2943_384_178_3.tif,3,3.0,2.9955568313598633,2.958195686340332,2.983002185821533,3.044663429260254,3
591,ChumBY21_25004_3794_569_613_3.tif,3,3.0,3.345583438873291,3.0838193893432617,3.748506784439087,3.2330167293548584,3
592,ChumBY19_23622_5310_14_87_3.tif,3,3.0,3.0091447830200195,2.9855167865753174,3.0335021018981934,3.0101583003997803,3
593,ChumBY21_24995_5323_100_1971_3.tif,3,3.0,2.9915108680725098,2.9663965702056885,3.0386972427368164,2.9727766513824463,3
594,ChumBY19_23600_3896_330_428_3.tif,3,3.0,3.057765483856201,3.051744222640991,3.142838716506958,2.984661102294922,3
595,ChumBY15_20298_3245_318_586_3.tif,3,3.0,3.0710320472717285,3.1467182636260986,3.03444242477417,3.029245376586914,3
596,ChumBY19_23636_3794_446_446129_3.tif,3,3.0,2.9859848022460938,2.959899425506592,2.9646596908569336,3.031953811645508,3
597,ChumBY19_23637_4063_299_5_3.tif,3,3.0,3.0056583881378174,2.950561046600342,3.0580430030822754,3.0121264457702637,3
598,ChumBY21_24947_3671_203_798_3.tif,3,3.0,3.0234293937683105,3.051039695739746,3.041381597518921,2.9790701866149902,3
599,ChumBY19_23588_3261_317_254_3.tif,3,3.0,3.009225606918335,2.9983599185943604,2.9770913124084473,3.0500028133392334,3
600,ChumBY21_24995_5323_49_341_3.tif,3,3.0,3.034658432006836,2.985729694366455,3.1207635402679443,3.003579616546631,3
601,ChumBY16_21128_3703_937_482_3.tif,3,3.0,2.995316505432129,2.960890769958496,3.02716326713562,3.00018048286438,3
602,ChumBY19_23581_3245_359_692_3.tif,3,3.0,2.9882073402404785,2.951150417327881,3.014958143234253,3.0004475116729736,3
603,ChumBY13_17643_5306_133_211_3.tif,3,3.0,3.0438427925109863,2.9413890838623047,3.092524528503418,3.1011972427368164,3
604,ChumBY15_20276_5310_15_325_3.tif,3,3.0,3.0492005348205566,3.076639175415039,3.145923137664795,2.9317405223846436,3
605,2023-HF-106b-3_3.tif,3,3.0,3.009913444519043,2.966783046722412,3.053313970565796,3.0127503871917725,3
606,ChumBY15_20355_3245_334_1028_3.tif,3,3.0,3.030776023864746,3.0955770015716553,3.0258846282958984,2.9704084396362305,3
607,ChumBY21_24976_5310_93_7539_3.tif,3,3.0,3.0726237297058105,3.039425849914551,3.219757318496704,2.9690165519714355,3
608,ChumBY21_25007_4063_401_10296_3.tif,3,3.0,3.050187110900879,3.004765272140503,3.1637604236602783,2.990044355392456,3
609,ChumBY21_25007_4063_327_10058_3.tif,3,3.0,3.8626084327697754,3.520700693130493,4.110665321350098,3.974388360977173,4
610,ChumBY16_21251_4078_27_109_3.tif,3,3.0,3.023869037628174,2.9816536903381348,3.013298273086548,3.075993299484253,3
611,ChumBY19_23581_3245_359_672_3.tif,3,3.0,3.02188777923584,3.013115167617798,3.0812177658081055,2.9754867553710938,3
612,ChumBY19_23628_5306_67_155_3.tif,3,3.0,3.1506381034851074,3.2584853172302246,3.1651651859283447,3.029083251953125,3
613,ChumBY15_20311_5310_9_129_3.tif,3,3.0,3.061284065246582,3.128681182861328,3.0790579319000244,2.977231979370117,3
614,ChumBY21_24983_5306_208_2003_3.tif,3,3.0,2.9999406337738037,2.9991960525512695,3.0045714378356934,2.9963788986206055,3
615,ChumBY21_25045_3245_362_36202_3.tif,3,3.0,3.0149664878845215,3.0049595832824707,3.0145175457000732,3.025409460067749,3
616,ChumBY15_20414_3357_487_53_3.tif,3,3.0,2.9766669273376465,2.9679551124572754,2.9652464389801025,2.9960179328918457,3
617,ChumBY20_24353_5306_214_315_3.tif,3,3.0,3.0289111137390137,3.033322334289551,3.0713424682617188,2.9850220680236816,3
618,ChumBY21_24983_5306_109_638_3.tif,3,3.0,3.0490009784698486,3.028325080871582,3.0803401470184326,3.040562152862549,3
619,ChumBY17_22037_3703_1336_133601_3.tif,3,3.0,2.9759325981140137,2.994020462036133,2.9975695610046387,2.937685012817383,3
620,ChumBY20_24353_5306_339_1093_3.tif,3,3.0,3.0482025146484375,3.0579781532287598,3.06728196144104,3.0206620693206787,3
621,ChumBY17_22020_4055_238_77_3.tif,3,3.0,2.5035572052001953,2.8307223320007324,2.3472373485565186,2.3212122917175293,3
622,ChumBY21_24983_5306_210_2362_3.tif,3,3.0,4.081253528594971,3.9243667125701904,4.2302751541137695,4.099801063537598,4
623,ChumBY20_24351_5306_121_57_3.tif,3,3.0,3.035856246948242,3.0456831455230713,3.066068410873413,2.997908353805542,3
624,ChumBY19_23636_3794_446_44654_3.tif,3,3.0,2.993079662322998,2.957231044769287,3.018317937850952,3.0055160522460938,3
625,ChumBY14_19557_3245_380_158_3.tif,3,3.0,3.0252411365509033,3.018249273300171,3.068953275680542,2.991584300994873,3
626,ChumBY20_24386_4078_151_401_3.tif,3,3.0,3.033815383911133,3.052433490753174,3.01735520362854,3.0304746627807617,3
627,2023-HF-102-17_3.tif,3,3.0,5.077154636383057,5.239551067352295,4.956477165222168,5.0267205238342285,5
628,ChumBY21_24976_5310_71_5827_3.tif,3,3.0,3.0356531143188477,3.036689519882202,3.066075086593628,3.0063154697418213,3
629,ChumBY21_24976_5310_92_7258_3.tif,3,3.0,3.051879405975342,3.137190103530884,3.019467353820801,2.996565103530884,3
630,ChumBY15_20528_5306_58_154_3.tif,3,3.0,3.0184555053710938,2.9887962341308594,3.0173184871673584,3.0492265224456787,3
631,ChumBY16_21167_5310_150_848_3.tif,3,3.0,2.9978373050689697,2.9440107345581055,3.0974977016448975,2.9590559005737305,3
632,ChumBY21_24976_5310_90_6501_3.tif,3,3.0,3.036186695098877,3.0561060905456543,3.0547754764556885,2.998939037322998,3
633,ChumBY19_23636_3794_443_44307_3.tif,3,3.0,3.0158162117004395,2.9973297119140625,3.0645129680633545,2.989037275314331,3
634,ChumBY15_20343_5320_11_138_3.tif,3,3.0,3.015969753265381,2.996182918548584,3.0472989082336426,3.0066494941711426,3
635,ChumBY16_21119_4055_448_44803_3.tif,3,3.0,3.0151586532592773,3.0040197372436523,3.0109550952911377,3.0302274227142334,3
636,ChumBY16_21191_3442_279_349_3.tif,3,3.0,3.0168890953063965,2.9916067123413086,3.086513042449951,2.9774527549743652,3
637,ChumBY12_15756_5306_268_186_3.tif,3,3.0,3.0224766731262207,3.0029118061065674,3.076855421066284,2.9914932250976562,3
638,ChumBY21_25129_3794_639_639001_3.tif,3,3.0,3.0282859802246094,3.0565145015716553,3.0316245555877686,2.996901273727417,3
639,ChumBY13_18060_5306_251_846_3.tif,3,3.0,3.460845470428467,3.71429443359375,3.729318141937256,2.9572033882141113,3
640,2020-HF-108-1_3.tif,3,3.0,3.0040924549102783,3.100651741027832,2.86444091796875,3.037264108657837,3
641,ChumBY21_24976_5310_92_7226_3.tif,3,3.0,3.029299259185791,2.975436210632324,3.125683546066284,2.9936022758483887,3
642,ChumBY20_24353_5306_193_217_3.tif,3,3.0,3.0765750408172607,3.036998748779297,3.13586688041687,3.0610687732696533,3
643,2019-CRAW-102-92_3.tif,3,3.0,3.073812484741211,3.0705928802490234,3.135636568069458,3.019528865814209,3
644,ChumBY15_20222_5306_47_173_3.tif,3,3.0,4.06839656829834,4.170658111572266,4.023013591766357,4.0081658363342285,4
645,ChumBY19_23600_3896_335_540_3.tif,3,3.0,3.002808094024658,2.9779767990112305,3.0291519165039062,3.003178834915161,3
646,ChumBY21_24921_5320_50_5020_3.tif,3,3.0,3.050816535949707,3.065594434738159,3.06777024269104,3.0202412605285645,3
647,ChumBY19_23632_3442_318_31858_3.tif,3,3.0,2.9607272148132324,2.9196856021881104,2.969064235687256,2.994086980819702,3
648,ChumBY19_23703_5320_2_201_3.tif,3,3.0,3.0051956176757812,2.9711923599243164,3.063693046569824,2.984844923019409,3
649,ChumBY21_25088_2943_381_38137_3.tif,3,3.0,3.0899665355682373,3.105504274368286,3.1446850299835205,3.023501396179199,3
650,ChumBY20_24386_4078_125_181_3.tif,3,3.0,3.0380024909973145,3.038393259048462,3.1060831546783447,2.9742820262908936,3
651,ChumBY18_22785_5323_27_59_3.tif,3,3.0,3.047745704650879,3.09952974319458,3.0207951068878174,3.0209381580352783,3
652,ChumBY21_25073_4111_712_71206_4.tif,4,4.0,4.0407304763793945,4.0023956298828125,4.1722002029418945,3.9568397998809814,4
653,ChumBY18_22925_1607_659_65901_4.tif,4,4.0,4.0619730949401855,3.9727635383605957,4.203632354736328,4.019570350646973,4
654,ChumBY18_22783_4063_174_17405_4.tif,4,4.0,3.9678049087524414,3.8884150981903076,3.995570659637451,4.021510124206543,4
655,NS0503M056_4.tif,4,4.0,4.661342620849609,4.870890140533447,4.696239471435547,4.4189558029174805,5
656,ChumBY21_24921_5320_51_5122_4.tif,4,4.0,3.9990200996398926,4.037215709686279,3.975267171859741,3.982851266860962,4
657,BE1003M004_4.tif,4,4.0,3.9866249561309814,3.9598591327667236,3.995753049850464,4.004948616027832,4
658,BE1203F018_4.tif,4,4.0,3.9850659370422363,3.934288501739502,4.033592224121094,3.9907948970794678,4
659,ChumBY13_18060_5306_114_324_4.tif,4,4.0,4.02311372756958,4.028692722320557,4.000296592712402,4.038749694824219,4
660,BE6703F007_4.tif,4,4.0,3.9737894535064697,3.915917158126831,3.982677698135376,4.02349853515625,4
661,BE0903M020_4.tif,4,4.0,4.0434465408325195,4.101474761962891,4.0257744789123535,4.001752853393555,4
662,BE0203F034_4.tif,4,4.0,3.989713191986084,3.923086166381836,4.008252143859863,4.039215087890625,4
663,2021-CRAW-109-4_4.tif,4,4.0,3.9273908138275146,3.8990225791931152,3.955860137939453,3.9293277263641357,4
664,ChumBY11_14442_4078_6_8_4.tif,4,4.0,4.00376033782959,3.9972729682922363,3.98571515083313,4.027044296264648,4
665,ChumBY18_22830_3442_320_32048_4.tif,4,4.0,4.039334297180176,4.056997299194336,4.075124740600586,3.988346815109253,4
666,ChumBY21_24995_5323_94_1481_4.tif,4,4.0,4.1545796394348145,4.217447280883789,4.235114097595215,4.0166850090026855,4
667,BE1103M006_4.tif,4,4.0,3.9615726470947266,3.870851755142212,4.039966106414795,3.979534864425659,4
668,QU8203F008_4.tif,4,4.0,4.010303497314453,4.017809867858887,3.987846612930298,4.023674011230469,4
669,ChumBY19_23536_5306_247_1488_4.tif,4,4.0,3.999907970428467,3.9897801876068115,4.030427932739258,3.9816644191741943,4
670,ChumBY17_21964_4078_38_128_4.tif,4,4.0,3.8799047470092773,3.88985538482666,3.7436792850494385,3.996654748916626,4
671,ChumBY13_17663_3245_211_8_4.tif,4,4.0,3.9904978275299072,3.975945472717285,3.9527854919433594,4.040156841278076,4
672,ChumBY19_23590_4078_15_1522_4.tif,4,4.0,4.08519172668457,4.024502277374268,4.255449295043945,3.9876163005828857,4
673,ChumBY21_24995_5323_60_551_4.tif,4,4.0,3.8800740242004395,3.7898662090301514,3.7106540203094482,4.128040790557861,4
674,ChumBY18_23043_4055_453_45301_4.tif,4,4.0,4.056653022766113,4.233952045440674,3.8772900104522705,4.0458784103393555,4
675,ChumBY17_21978_5323_104_1153_4.tif,4,4.0,3.9969558715820312,3.932833194732666,4.0261688232421875,4.034019470214844,4
676,NK8203M002_4.tif,4,4.0,3.980438709259033,3.943760871887207,3.9457008838653564,4.049496650695801,4
677,ChumBY19_23789_3896_370_25_4.tif,4,4.0,3.973703384399414,3.9658448696136475,3.950561285018921,4.003102779388428,4
678,ChumBY21_24921_5320_61_61161_4.tif,4,4.0,3.974229574203491,3.85282301902771,4.099453926086426,3.979370355606079,4
679,NS0503M047_4.tif,4,4.0,4.198271751403809,4.195710182189941,4.168787956237793,4.228263854980469,4
680,BT1303F009_4.tif,4,4.0,4.112443923950195,4.01215934753418,4.213086128234863,4.119291305541992,4
681,BE1103M012_4.tif,4,4.0,4.0176239013671875,4.030350685119629,4.0493059158325195,3.975402593612671,4
682,BT7603F012_4.tif,4,4.0,4.057802200317383,4.060654640197754,4.078612327575684,4.035587787628174,4
683,ChumBY21_24976_5310_99_8208_4.tif,4,4.0,4.023634910583496,3.92171049118042,4.1438703536987305,4.013899803161621,4
684,ChumBY16_21407_5310_18_479_4.tif,4,4.0,4.033522605895996,4.021234512329102,4.066742897033691,4.014931678771973,4
685,ChumBY17_21978_5323_100_607_4.tif,4,4.0,3.918853759765625,3.8815460205078125,3.9205405712127686,3.954660177230835,4
686,BE0903F034_4.tif,4,4.0,3.994353771209717,3.9477858543395996,4.0380682945251465,4.000341415405273,4
687,ChumBY19_23605_3870_219_360_4.tif,4,4.0,3.9696669578552246,3.9319653511047363,3.959726095199585,4.016683578491211,4
688,ChumBY17_22039_3896_407_49_4.tif,4,4.0,3.899829387664795,4.023395538330078,3.9407176971435547,3.7380058765411377,4
689,QU6703F017_4.tif,4,4.0,3.9667234420776367,3.9753973484039307,3.915881872177124,4.005326271057129,4
690,BE7303M002_4.tif,4,4.0,4.0264081954956055,4.013473987579346,4.029261589050293,4.036710739135742,4
691,BE9503F014_4.tif,4,4.0,3.9458415508270264,3.8375558853149414,3.9935290813446045,4.009963512420654,4
692,NK8003F023_4.tif,4,4.0,3.9658591747283936,3.894627332687378,3.997875213623047,4.007437705993652,4
693,ChumBY11_14541_3396_581_89_4.tif,4,4.0,4.070517063140869,4.074583530426025,4.161574363708496,3.981741428375244,4
694,ChumBY16_21407_5310_22_513_4.tif,4,4.0,3.9232735633850098,4.033440113067627,4.280010223388672,3.4810681343078613,4
695,ChumBY12_15756_5306_245_112_4.tif,4,4.0,3.970254898071289,4.062143325805664,3.9857349395751953,3.8638017177581787,4
696,BT7303M004_4.tif,4,4.0,4.050180912017822,4.109434604644775,4.038010120391846,4.002141952514648,4
697,ChumBY21_24921_5320_71_7170_4.tif,4,4.0,3.8821489810943604,3.7814576625823975,3.8641889095306396,3.999728202819824,4
698,NS7303F020_4.tif,4,4.0,3.995589256286621,3.9649274349212646,4.000034332275391,4.022171974182129,4
699,ChumBY21_25088_2943_391_39142_4.tif,4,4.0,3.968712329864502,3.8237695693969727,4.135639190673828,3.9586398601531982,4
700,BE6803F012_4.tif,4,4.0,3.986600875854492,3.96649169921875,3.995548963546753,3.9984233379364014,4
701,ChumBY16_21128_3703_943_519_4.tif,4,4.0,4.1821160316467285,4.385307312011719,4.220703601837158,3.9426639080047607,4
702,ChumBY21_24921_5320_64_6470_4.tif,4,4.0,4.055031776428223,4.034549713134766,4.154212951660156,3.9832913875579834,4
703,CA8603M013_4.tif,4,4.0,4.160079479217529,4.3135881423950195,4.15992546081543,4.006436347961426,4
704,BE0903M010_4.tif,4,4.0,3.976235866546631,3.9322609901428223,3.985412359237671,4.011753559112549,4
705,ChumBY21_24983_5306_182_1306_4.tif,4,4.0,3.988132953643799,3.898181438446045,4.079337120056152,3.993407726287842,4
706,BE0803M029_4.tif,4,4.0,4.026230812072754,4.02313232421875,4.019021987915039,4.036040782928467,4
707,ChumBY13_17760_5320_91_95_4.tif,4,4.0,4.041965484619141,4.093371391296387,4.013702392578125,4.016757011413574,4
708,ChumBY21_24983_5306_109_642_4.tif,4,4.0,4.040234088897705,4.020024299621582,4.099151611328125,4.005674362182617,4
709,NS6303F006_4.tif,4,4.0,3.991364002227783,3.9725728034973145,3.9710240364074707,4.029109954833984,4
710,CA9303M001_4.tif,4,4.0,4.166437149047852,4.086840629577637,4.344715118408203,4.08034086227417,4
711,ChumBY13_17981_5310_13_7_4.tif,4,4.0,4.167200565338135,4.041475772857666,4.474418640136719,4.0073747634887695,4
712,ChumBY16_21167_5310_121_507_4.tif,4,4.0,3.0238823890686035,3.025632858276367,2.982882022857666,3.060267686843872,3
713,ChumBY21_25051_3896_338_218_4.tif,4,4.0,4.226048469543457,4.095736503601074,4.315715312957764,4.273186683654785,4
714,ChumBY21_24921_5320_61_6158_4.tif,4,4.0,4.121192455291748,4.0998358726501465,4.284845352172852,3.9903557300567627,4
715,BE0503M028_4.tif,4,4.0,4.54949426651001,4.782686233520508,4.222073554992676,4.620450973510742,5
716,ChumBY19_23708_2943_415_218_4.tif,4,4.0,4.364859580993652,4.0099287033081055,4.466617584228516,4.625775337219238,4
717,ChumBY17_21957_3703_960_9601_4.tif,4,4.0,4.028690338134766,4.004594802856445,4.104348182678223,3.9824516773223877,4
718,ChumBY18_22776_5310_12_47_4.tif,4,4.0,4.01908016204834,3.969205379486084,4.100019454956055,3.9937539100646973,4
719,ChumBY19_23433_5323_9_127_4.tif,4,4.0,3.0047988891601562,3.012788772583008,3.0106184482574463,2.9913816452026367,3
720,ChumBY17_22105_3414_386_38606_4.tif,4,4.0,4.03108549118042,3.9675474166870117,4.153711318969727,3.98067045211792,4
721,ChumBY19_23587_3671_262_34_4.tif,4,4.0,4.146373748779297,4.281141757965088,4.159779071807861,3.9988930225372314,4
722,ChumBY18_22830_3442_175_17503_4.tif,4,4.0,3.981701374053955,3.96748423576355,4.002924919128418,3.976201295852661,4
723,ChumBY17_22030_3261_390_4303_4.tif,4,4.0,2.973477602005005,2.9074501991271973,2.997760534286499,3.017035722732544,3
724,ChumBY21_24976_5310_72_5867_4.tif,4,4.0,4.0691447257995605,4.056643962860107,4.1441779136657715,4.011870861053467,4
725,ChumBY11_14311_5310_147_615_4.tif,4,4.0,4.007317543029785,4.01873254776001,4.000853538513184,4.001894950866699,4
726,ChumBY19_23622_5310_14_146_4.tif,4,4.0,3.96628475189209,3.935319185256958,3.9553942680358887,4.007436275482178,4
727,ChumBY16_21128_3703_864_233_4.tif,4,4.0,4.005488395690918,3.8223090171813965,4.212837219238281,3.9961206912994385,4
728,ChumBY21_24976_5310_90_6421_4.tif,4,4.0,4.0095977783203125,4.093379020690918,3.9719173908233643,3.960716962814331,4
729,ChumBY15_20214_4078_113_264_4.tif,4,4.0,4.689976692199707,4.8470659255981445,4.327709197998047,4.8695878982543945,5
730,BE9403M032_4.tif,4,4.0,4.871506214141846,4.9012932777404785,4.853855133056641,4.858085632324219,5
731,ChumBY17_22035_3896_313_503_4.tif,4,4.0,3.970942974090576,3.8813395500183105,3.985417366027832,4.047244548797607,4
732,BE6903M003_4.tif,4,4.0,4.0137128829956055,4.026384353637695,3.996635675430298,4.016903877258301,4
733,ChumBY20_24420_5306_16_76_4.tif,4,4.0,3.998182773590088,4.036655902862549,4.013139247894287,3.945727586746216,4
734,ChumBY14_19524_3357_412_237_4.tif,4,4.0,3.832420825958252,3.8157670497894287,3.665409803390503,4.004460334777832,4
735,ChumBY16_21132_4078_32_21_4.tif,4,4.0,4.034914016723633,4.009443283081055,4.117618560791016,3.9834976196289062,4
736,BE7503F032_4.tif,4,4.0,4.026790142059326,4.062972068786621,4.0017499923706055,4.013835906982422,4
737,BE0203F007_4.tif,4,4.0,3.9710216522216797,3.931436061859131,3.9744675159454346,4.007472991943359,4
738,ChumBY17_21990_3794_164_17_4.tif,4,4.0,4.527278900146484,4.260153293609619,4.794997215270996,4.5458526611328125,5
739,ChumBY13_17630_5323_161_387_4.tif,4,4.0,3.6410746574401855,3.4995384216308594,3.5167150497436523,3.8985462188720703,4
740,UN8903F030_4.tif,4,4.0,4.033883571624756,4.033022880554199,4.070773124694824,4.000431060791016,4
741,ChumBY13_17630_5323_139_303_4.tif,4,4.0,4.025071144104004,4.023560047149658,4.064826488494873,3.9896037578582764,4
742,QU0403F017_4.tif,4,4.0,4.013655185699463,4.00391960144043,4.028855323791504,4.009269714355469,4
743,NS7903F011_4.tif,4,4.0,3.9820895195007324,3.9785876274108887,3.956188917160034,4.009690284729004,4
744,ChumBY21_24976_5310_105_9149_4.tif,4,4.0,3.0959620475769043,3.098456382751465,3.116598129272461,3.074267625808716,3
745,BE8903F003_4.tif,4,4.0,4.000761985778809,3.980478286743164,4.031078815460205,3.9928810596466064,4
746,BE0203M006_4.tif,4,4.0,3.9858593940734863,3.921088457107544,4.034120559692383,4.005853652954102,4
747,BE1203F012_4.tif,4,4.0,4.019700050354004,4.0780839920043945,3.975576400756836,4.002255439758301,4
748,ChumBY19_23536_5306_124_794_4.tif,4,4.0,3.9256229400634766,3.917179584503174,3.9586338996887207,3.903373956680298,4
749,ChumBY17_21978_5323_78_253_4.tif,4,4.0,4.012799263000488,3.9873862266540527,4.0526204109191895,4.001216888427734,4
750,ChumBY19_23609_1607_526_952638_4.tif,4,4.0,3.9532175064086914,3.9013593196868896,3.958190679550171,4.000543594360352,4
751,ChumBY21_24983_5306_208_2035_4.tif,4,4.0,3.9772276878356934,3.9092745780944824,4.1513285636901855,3.883352756500244,4
752,BE0003F010_4.tif,4,4.0,4.011713981628418,4.046636581420898,3.990756034851074,3.9962236881256104,4
753,ChumBY21_24995_5323_100_1871_4.tif,4,4.0,3.9652624130249023,4.030303955078125,3.9686601161956787,3.8969430923461914,4
754,ChumBY17_22000_5306_59_161_4.tif,4,4.0,4.011560916900635,4.051891326904297,3.989415407180786,3.991757392883301,4
755,ChumBY21_25125_5306_89_5113_4.tif,4,4.0,4.293045997619629,4.229219913482666,4.669735908508301,4.006586074829102,4
756,BE0903M003_4.tif,4,4.0,4.59830379486084,4.668424606323242,4.72489070892334,4.410303115844727,5
757,ChumBY21_25051_3896_193_35_4.tif,4,4.0,4.000982284545898,3.9225566387176514,4.052187442779541,4.031917095184326,4
758,ChumBY21_24976_5310_29_5108_4.tif,4,4.0,4.05472469329834,4.021200656890869,4.152495384216309,3.9973623752593994,4
759,ChumBY21_24976_5310_61_5668_4.tif,4,4.0,3.986879825592041,3.85966157913208,4.093626976013184,4.0150299072265625,4
760,ChumBY19_23587_3671_271_92_4.tif,4,4.0,3.8238768577575684,3.798771858215332,3.9276487827301025,3.7524969577789307,4
761,NS9303F009_4.tif,4,4.0,3.9865567684173584,3.949525833129883,4.003576278686523,4.0078229904174805,4
762,ChumBY13_18060_5306_244_819_4.tif,4,4.0,5.048981666564941,5.286951065063477,4.884027004241943,4.96402645111084,5
763,ChumBY21_24995_5323_100_1895_4.tif,4,4.0,3.9679172039031982,4.011615753173828,3.926316499710083,3.9628374576568604,4
764,NS7403F013_4.tif,4,4.0,3.995570659637451,3.979994297027588,3.983792543411255,4.022130966186523,4
765,2023-CRAW-104-38_4.tif,4,4.0,3.816483736038208,3.7907705307006836,3.68717360496521,3.962528944015503,4
766,NS0003M004_4.tif,4,4.0,4.097375869750977,4.259721755981445,4.0228376388549805,4.0040740966796875,4
767,ChumBY21_24976_5310_44_5403_4.tif,4,4.0,3.397860288619995,3.080047130584717,3.3635430335998535,3.748169183731079,3
768,ChumBY17_22030_3261_359_4285_4.tif,4,4.0,4.005932807922363,3.988487482070923,4.013399124145508,4.016464710235596,4
769,BE9803M023_4.tif,4,4.0,3.967493772506714,3.91852068901062,3.9805455207824707,4.0044145584106445,4
770,BE7003F012_4.tif,4,4.0,4.028591632843018,4.102356433868408,3.976029872894287,4.00358772277832,4
771,2022-DI-120-9_4.tif,4,4.0,4.0569071769714355,4.005058288574219,4.137974739074707,4.033439636230469,4
772,ChumBY21_24976_5310_65_5725_4.tif,4,4.0,4.036489009857178,4.08060359954834,4.025075912475586,4.002911567687988,4
773,ChumBY17_21970_5310_91_1085_4.tif,4,4.0,3.9398865699768066,3.9303159713745117,3.8976147174835205,3.988795518875122,4
774,NK8603F004_4.tif,4,4.0,4.012679100036621,4.036684036254883,4.000897407531738,3.9995901584625244,4
775,BE0203F026_4.tif,4,4.0,3.969780921936035,3.9196689128875732,3.99525785446167,3.9962847232818604,4
776,ChumBY14_19442_5310_131_548_4.tif,4,4.0,4.1334052085876465,4.314770698547363,4.053706169128418,4.025849342346191,4
777,ChumBY20_24386_4078_91_81_4.tif,4,4.0,3.8608040809631348,3.8310012817382812,3.7683470249176025,3.9766643047332764,4
778,ChumBY15_20343_5320_15_215_4.tif,4,4.0,4.015854835510254,4.056928634643555,3.9756577014923096,4.012099266052246,4
779,ChumBY16_21198_3245_232_64_4.tif,4,4.0,4.199673652648926,4.153488636016846,4.493958473205566,3.972196340560913,4
780,ChumBY16_21201_5320_85_8502_4.tif,4,4.0,4.038898468017578,4.006750106811523,4.094423294067383,4.0194549560546875,4
781,NS8203F028_4.tif,4,4.0,3.9952754974365234,3.9861207008361816,3.978677988052368,4.019886016845703,4
782,ChumBY18_22739_3396_266_279_4.tif,4,4.0,4.689695358276367,4.601814270019531,4.767939567565918,4.704952239990234,5
783,BE0403F023_4.tif,4,4.0,4.008959770202637,4.048442363739014,3.9572908878326416,4.017469882965088,4
784,BE0303F031_4.tif,4,4.0,3.9960126876831055,3.9178481101989746,4.088069915771484,3.9886860847473145,4
785,ChumBY11_14262_5306_182_467_4.tif,4,4.0,3.986593246459961,4.157288551330566,3.842261552810669,3.9498486518859863,4
786,BE8703F024_4.tif,4,4.0,3.9937644004821777,3.988572359085083,3.9938175678253174,3.9989168643951416,4
787,ChumBY13_17663_3245_236_41_4.tif,4,4.0,3.765822410583496,3.976283073425293,3.3363683223724365,3.9544641971588135,4
788,BF9103M031_4.tif,4,4.0,4.012173652648926,4.025617599487305,3.9977338314056396,4.012138366699219,4
789,ChumBY19_23572_5310_21_226_4.tif,4,4.0,4.086278915405273,3.9360733032226562,4.290770530700684,4.046535968780518,4
790,ChumBY19_23524_4055_373_373001_4.tif,4,4.0,3.0619850158691406,3.045888900756836,3.0628349781036377,3.077319383621216,3
791,ChumBY13_18383_5306_91_81_4.tif,4,4.0,4.123709678649902,4.067582130432129,4.366799354553223,3.953814744949341,4
792,NS0603F021_4.tif,4,4.0,4.0617876052856445,4.054269790649414,4.05726432800293,4.073526382446289,4
793,BE9403F006_4.tif,4,4.0,4.147740840911865,4.087754249572754,4.354195594787598,4.015789985656738,4
794,ChumBY11_14496_5323_5_17_4.tif,4,4.0,4.08293342590332,4.159392833709717,4.09842586517334,3.991925001144409,4
795,ChumBY16_21198_3245_151_19_4.tif,4,4.0,4.819546699523926,4.904843807220459,4.8573899269104,4.698892593383789,5
796,ChumBY19_23674_4111_841_1118_4.tif,4,4.0,3.7895708084106445,3.9247190952301025,3.98510479927063,3.4722917079925537,4
797,2022-CRAW-106-87_4.tif,4,4.0,4.096606254577637,4.066899299621582,4.251957893371582,3.9818570613861084,4
798,ChumBY13_17643_5306_185_489_4.tif,4,4.0,4.009816646575928,3.99303936958313,4.06114387512207,3.97887921333313,4
799,BE7203M020_4.tif,4,4.0,3.9850025177001953,3.9665074348449707,3.9924161434173584,3.9966344833374023,4
800,ChumBY20_24364_4111_967_96701_4.tif,4,4.0,3.2263641357421875,2.982710599899292,3.145941972732544,3.545267105102539,3
801,ChumBY21_24983_5306_202_1927_4.tif,4,4.0,4.1384453773498535,4.339014053344727,4.08315372467041,3.988947868347168,4
802,ChumBY21_24976_5310_97_7900_4.tif,4,4.0,3.0138347148895264,3.0051825046539307,3.038609504699707,2.9994568824768066,3
803,ChumBY13_17981_5310_23_94_4.tif,4,4.0,3.6833865642547607,3.6721396446228027,3.5623438358306885,3.80724835395813,4
804,ChumBY18_22776_5310_40_549_4.tif,4,4.0,3.9847779273986816,3.968010663986206,4.025149822235107,3.964021921157837,4
805,ChumBY21_24995_5323_103_2051_4.tif,4,4.0,3.9677186012268066,3.9644131660461426,3.982863187789917,3.956942319869995,4
806,ChumBY16_21128_3703_936_478_4.tif,4,4.0,4.0274481773376465,3.9153494834899902,4.216776371002197,3.9636342525482178,4
807,ChumBY18_22741_5306_246_831_4.tif,4,4.0,3.7640562057495117,3.464430332183838,3.9048807621002197,3.9332263469696045,4
808,BE8203F030_4.tif,4,4.0,3.9759209156036377,3.9834423065185547,3.946415901184082,3.9958317279815674,4
809,BE7603F021_4.tif,4,4.0,4.026945114135742,4.029811382293701,4.127483367919922,3.9305531978607178,4
810,BE1203F029_4.tif,4,4.0,4.152495384216309,4.265971660614014,4.206220626831055,3.9888389110565186,4
811,BE6803F004_4.tif,4,4.0,3.9397902488708496,3.8145225048065186,3.9978089332580566,4.011314868927002,4
812,2019-HF-107-33_4.tif,4,4.0,3.827817678451538,3.923849105834961,3.553466558456421,3.986816644668579,4
813,UC6903F017_4.tif,4,4.0,3.969233989715576,3.9837069511413574,3.9082491397857666,4.0114641189575195,4
814,ChumBY21_24976_5310_103_8949_4.tif,4,4.0,3.89113712310791,3.721674919128418,4.0062971115112305,3.953781843185425,4
815,ChumBY17_21970_5310_100_1236_4.tif,4,4.0,3.939781665802002,3.9393057823181152,3.87717866897583,3.998492479324341,4
816,KZ9603M002_4.tif,4,4.0,4.029844284057617,4.06168794631958,4.007001876831055,4.019190788269043,4
817,ChumBY18_22732_3414_250_25004_4.tif,4,4.0,3.9616222381591797,4.010688781738281,3.86627459526062,4.001160621643066,4
818,ChumBY21_24995_5323_94_1445_4.tif,4,4.0,4.023299217224121,3.9885363578796387,4.088771820068359,3.9972217082977295,4
819,NS0503M075_4.tif,4,4.0,4.094102382659912,4.157750606536865,4.074136734008789,4.048911094665527,4
820,ChumBY15_20343_5320_12_183_4.tif,4,4.0,3.9979360103607178,4.014163970947266,3.9741673469543457,4.003787994384766,4
821,ChumBY21_24937_4078_67_484_4.tif,4,4.0,4.0013017654418945,3.9509663581848145,4.05410099029541,4.002613067626953,4
822,ChumBY21_24983_5306_210_2285_4.tif,4,4.0,4.0011067390441895,4.086877346038818,3.9354569911956787,3.9762494564056396,4
823,2022-DI-120-5_4.tif,4,4.0,4.201253414154053,4.322072982788086,4.118098258972168,4.157567977905273,4
824,ChumBY21_24976_5310_102_8844_4.tif,4,4.0,3.733685255050659,3.8009982109069824,3.377686023712158,3.9974045753479004,4
825,BE0103F031_4.tif,4,4.0,4.011155128479004,4.031283378601074,4.009742736816406,3.9923040866851807,4
826,BE6803M014_4.tif,4,4.0,3.3446669578552246,3.355517864227295,3.710942268371582,2.9930832386016846,3
827,ChumBY21_24976_5310_53_5545_4.tif,4,4.0,4.0118489265441895,4.0396928787231445,4.004046440124512,3.9912126064300537,4
828,ChumBY16_21167_5310_121_503_4.tif,4,4.0,3.9727354049682617,3.9930901527404785,3.9095208644866943,4.011147499084473,4
829,ChumBY13_17643_5306_104_130_4.tif,4,4.0,3.93560528755188,3.8874049186706543,3.9014604091644287,4.015654563903809,4
830,ChumBY12_15442_5358_54_13_4.tif,4,4.0,4.097851276397705,3.9449751377105713,4.26295280456543,4.097424507141113,4
831,ChumBY19_23581_3245_332_532_4.tif,4,4.0,3.9873151779174805,3.9374537467956543,4.023859024047852,4.003273010253906,4
832,ChumBY14_19411_4063_355_166_4.tif,4,4.0,3.949831247329712,3.942512035369873,3.9195587635040283,3.985323667526245,4
833,BF7003M014_4.tif,4,4.0,3.9830398559570312,3.996993064880371,3.9672067165374756,3.9837894439697266,4
834,BE0203M015_4.tif,4,4.0,3.959969997406006,3.9082021713256836,3.9724011421203613,4.00026798248291,4
835,ChumBY19_23602_5320_32_3224_4.tif,4,4.0,3.9969229698181152,3.7972590923309326,4.192615032196045,4.014911651611328,4
836,BE9303M016_4.tif,4,4.0,3.9827842712402344,3.9553539752960205,3.9765031337738037,4.016107559204102,4
837,ChumBY20_24284_3396_347_13_4.tif,4,4.0,3.8617711067199707,3.6760034561157227,4.024018287658691,3.8969500064849854,4
838,ChumBY18_22819_5323_17_274_4.tif,4,4.0,3.9673047065734863,4.018850326538086,3.925804853439331,3.9542694091796875,4
839,ChumBY21_24921_5320_61_6170_4.tif,4,4.0,3.565410614013672,3.339472770690918,3.505530595779419,3.84745717048645,4
840,ChumBY16_21392_3896_413_41302_4.tif,4,4.0,4.001614570617676,3.995044708251953,3.932748317718506,4.072256565093994,4
841,BE7303F012_4.tif,4,4.0,3.9982566833496094,3.994493007659912,3.9823150634765625,4.0168561935424805,4
842,ChumBY21_24995_5323_69_708_4.tif,4,4.0,4.002230167388916,3.8779385089874268,4.126481056213379,4.011166572570801,4
843,ChumBY21_24920_3414_317_70_4.tif,4,4.0,3.9907422065734863,3.998516082763672,3.9813239574432373,3.9917149543762207,4
844,BT9703F024_4.tif,4,4.0,3.9985647201538086,3.921323776245117,4.071398735046387,4.0081939697265625,4
845,BE9203M012_4.tif,4,4.0,4.0135674476623535,4.006688594818115,4.012110710144043,4.02181339263916,4
846,BF0403F014_4.tif,4,4.0,3.948824882507324,3.971635580062866,3.8725764751434326,3.9969000816345215,4
847,BE0103M019_4.tif,4,4.0,4.0513811111450195,3.9686787128448486,4.177900791168213,4.016542434692383,4
848,ChumBY15_20276_5310_26_517_4.tif,4,4.0,4.075133323669434,3.9470462799072266,4.256435394287109,4.034802436828613,4
849,NS9803M009_4.tif,4,4.0,4.0172600746154785,4.01506233215332,4.023448944091797,4.013704299926758,4
850,ChumBY13_17527_5310_176_393_4.tif,4,4.0,4.024835109710693,4.131416320800781,3.924931049346924,4.010993003845215,4
851,ChumBY19_23587_3671_267_61_4.tif,4,4.0,3.950693130493164,4.012034893035889,3.849144220352173,3.9837026596069336,4
852,ChumBY17_22164_3357_522_57_4.tif,4,4.0,3.739558219909668,3.9778599739074707,3.9785263538360596,3.278536558151245,4
853,UN9303M044_4.tif,4,4.0,4.438885688781738,4.361759185791016,4.886749267578125,4.099543571472168,4
854,ChumBY15_20311_5310_26_247_4.tif,4,4.0,3.9971113204956055,3.9862399101257324,3.9660451412200928,4.036899566650391,4
855,NK9303M007_4.tif,4,4.0,4.195857048034668,4.386730194091797,4.168026924133301,4.030527591705322,4
856,ChumBY16_21182_3896_330_33002_4.tif,4,4.0,4.087767124176025,4.2248382568359375,4.011850357055664,4.0210676193237305,4
857,ChumBY21_24921_5320_61_6106_4.tif,4,4.0,3.698829174041748,3.4934489727020264,3.6638550758361816,3.937113046646118,4
858,ChumBY17_22041_3357_376_450_4.tif,4,4.0,2.9765238761901855,2.9371161460876465,2.9536712169647217,3.0372610092163086,3
859,NS0103F013_4.tif,4,4.0,4.015064716339111,4.035395622253418,4.010532379150391,3.998913288116455,4
860,ChumBY19_23622_5310_15_186_4.tif,4,4.0,3.719944953918457,3.6873819828033447,3.4703919887542725,3.9847030639648438,4
861,ChumBY21_24983_5306_135_989_4.tif,4,4.0,3.791316509246826,3.581684112548828,3.778848648071289,4.012925148010254,4
862,BE7103M022_4.tif,4,4.0,3.9878385066986084,3.981265068054199,3.970564126968384,4.01049280166626,4
863,ChumBY11_14409_3870_283_10_4.tif,4,4.0,3.9621176719665527,4.020389080047607,3.9349634647369385,3.9290006160736084,4
864,KZ0903F005_4.tif,4,4.0,4.112146377563477,4.244051933288574,4.058159828186035,4.030220985412598,4
865,ChumBY21_25045_3245_294_29401_4.tif,4,4.0,3.9819211959838867,3.9311139583587646,3.9968807697296143,4.018904685974121,4
866,NK9303M018_4.tif,4,4.0,4.4069929122924805,4.611978530883789,4.086638927459717,4.4996337890625,4
867,ChumBY21_24947_3671_195_561_4.tif,4,4.0,3.669574737548828,3.549605369567871,3.554374933242798,3.8969202041625977,4
868,ChumBY16_21138_3357_401_1146_4.tif,4,4.0,4.052075386047363,4.073807716369629,4.0670623779296875,4.016362190246582,4
869,ChumBY19_23536_5306_143_986_4.tif,4,4.0,4.015788555145264,4.000229835510254,4.060514450073242,3.9897706508636475,4
870,BF9003M026_4.tif,4,4.0,4.200281620025635,4.113824844360352,4.356541633605957,4.141540050506592,4
871,BE1303M016_4.tif,4,4.0,3.9511125087738037,3.9209506511688232,3.950712203979492,3.981701135635376,4
872,ChumBY21_24995_5323_103_2199_4.tif,4,4.0,3.9970622062683105,3.9955015182495117,4.013218879699707,3.9835972785949707,4
873,BF7903F017_4.tif,4,4.0,4.12574577331543,4.084301471710205,4.322385787963867,3.9843475818634033,4
874,ChumBY11_14478_5306_29_12_4.tif,4,4.0,4.039500713348389,3.9709646701812744,4.115336894989014,4.037616729736328,4
875,ChumBY11_14311_5310_19_154_4.tif,4,4.0,4.0201826095581055,3.9895005226135254,4.123435020446777,3.9548730850219727,4
876,BE0403M007_4.tif,4,4.0,4.139697074890137,4.209331512451172,4.208864212036133,4.005598068237305,4
877,ChumBY19_23536_5306_276_1576_4.tif,4,4.0,4.01964807510376,3.9702587127685547,4.089608192443848,4.004049301147461,4
878,ChumBY11_14314_3442_476_78_4.tif,4,4.0,3.8738598823547363,3.9493582248687744,3.6344122886657715,4.020961761474609,4
879,UC8803M026_4.tif,4,4.0,3.9987893104553223,3.97988224029541,4.000162124633789,4.016454219818115,4
880,NS8003M009_4.tif,4,4.0,3.9956130981445312,3.9857258796691895,4.001278877258301,4.000247478485107,4
881,2022-CRAW-107-9_4.tif,4,4.0,3.981217861175537,3.8726325035095215,4.068658828735352,4.008661270141602,4
882,NS0303F014_4.tif,4,4.0,3.948479652404785,3.931222438812256,3.9232709407806396,3.9892170429229736,4
883,ChumBY13_17643_5306_101_119_4.tif,4,4.0,3.9786248207092285,4.0010833740234375,3.9220693111419678,4.008733749389648,4
884,ChumBY13_18060_5306_11_38_4.tif,4,4.0,3.93870210647583,3.92767333984375,3.9360451698303223,3.9522218704223633,4
885,2023-HF-110-58_4.tif,4,4.0,3.3177013397216797,3.5796868801116943,3.40962815284729,2.9697318077087402,3
886,ChumBY21_24921_5320_38_3768_4.tif,4,4.0,4.032321929931641,4.014275074005127,4.06896448135376,4.0163164138793945,4
887,ChumBY19_23634_3396_322_32232_4.tif,4,4.0,4.331549167633057,4.772716045379639,4.168276786804199,4.041463851928711,4
888,ChumBY15_20321_4055_231_25_4.tif,4,4.0,3.9951610565185547,4.013942718505859,3.97186541557312,3.9980146884918213,4
889,BE1003F030_4.tif,4,4.0,4.8434553146362305,5.258927822113037,4.296344757080078,4.936160087585449,5
890,ChumBY18_22798_5320_11_101_4.tif,4,4.0,4.00555419921875,4.008910179138184,4.006125450134277,4.001660346984863,4
891,ChumBY15_19847_4055_105_253_4.tif,4,4.0,3.006458044052124,3.019080400466919,2.9972968101501465,3.0023348331451416,3
892,BE6503M018_4.tif,4,4.0,4.009551048278809,4.0018720626831055,4.003069877624512,4.023272514343262,4
893,ChumBY14_19476_5320_49_94_4.tif,4,4.0,4.006485462188721,3.975260019302368,4.023924827575684,4.021544456481934,4
894,2019-CRAW-102-94_4.tif,4,4.0,4.0817179679870605,4.067095756530762,4.1774115562438965,4.007350921630859,4
895,BE1103F030_4.tif,4,4.0,4.040399551391602,4.0843024253845215,4.028535842895508,4.007453918457031,4
896,ChumBY13_17643_5306_98_89_4.tif,4,4.0,4.09338903427124,4.099047660827637,4.179742813110352,4.007392883300781,4
897,BE0203M010_4.tif,4,4.0,4.025984287261963,3.9239768981933594,4.144357681274414,4.018063545227051,4
898,ChumBY18_22925_1607_740_74007_4.tif,4,4.0,3.9990437030792236,3.965524196624756,4.098001480102539,3.9405720233917236,4
899,BE7103F012_4.tif,4,4.0,3.985553741455078,4.000028133392334,3.930312156677246,4.022439002990723,4
900,ChumBY21_25049_3357_298_29801_4.tif,4,4.0,3.7884225845336914,3.723046064376831,3.590909719467163,4.03764533996582,4
901,ChumBY21_25049_3357_375_37528_4.tif,4,4.0,4.022696495056152,4.017153739929199,4.0684404373168945,3.9856972694396973,4
902,BE0403F011_4.tif,4,4.0,4.0139899253845215,4.023721694946289,4.04171895980835,3.978447437286377,4
903,BE7603M026_4.tif,4,4.0,3.860933303833008,3.739543914794922,3.8553037643432617,3.987778902053833,4
904,BE6903M013_4.tif,4,4.0,3.982470989227295,3.931159019470215,3.993440866470337,4.023670673370361,4
905,ChumBY11_14496_5323_78_257_4.tif,4,4.0,4.11357307434082,4.286611080169678,4.021800994873047,4.025590896606445,4
906,BE8103F007_4.tif,4,4.0,4.019957542419434,4.06043815612793,4.01970100402832,3.979642391204834,4
907,ChumBY21_24983_5306_135_985_4.tif,4,4.0,3.7282698154449463,3.901575803756714,3.3074281215667725,3.946122407913208,4
908,BE7003F018_4.tif,4,4.0,4.026520729064941,4.073529243469238,3.9988439083099365,4.005173683166504,4
909,BE0903F022_4.tif,4,4.0,4.067532539367676,4.0122222900390625,4.211714744567871,3.9888222217559814,4
910,ChumBY17_22040_3442_296_29616_4.tif,4,4.0,4.03848934173584,4.113985538482666,4.0056352615356445,3.9934182167053223,4
911,ChumBY20_24408_3245_246_62_4.tif,4,4.0,4.074986934661865,3.9724173545837402,4.194161415100098,4.0668840408325195,4
912,ChumBY21_25049_3357_373_37317_4.tif,4,4.0,3.602811574935913,3.7758450508117676,3.3256676197052,3.687267541885376,4
913,ChumBY20_24292_5310_2_94_4.tif,4,4.0,4.2464728355407715,4.302056312561035,4.432209014892578,4.0180158615112305,4
914,ChumBY18_22864_3261_333_72_4.tif,4,4.0,3.998960018157959,3.8554985523223877,4.12047004699707,4.029650688171387,4
915,NS9203M013_4.tif,4,4.0,3.9887337684631348,3.9507129192352295,4.002161026000977,4.0143327713012695,4
916,ChumBY19_23636_3794_540_54014_4.tif,4,4.0,4.151063919067383,4.258859634399414,4.183351516723633,4.013038635253906,4
917,BE8803M020_4.tif,4,4.0,3.9947879314422607,3.9887118339538574,3.998128652572632,3.997767210006714,4
918,ChumBY19_23590_4078_99_9904_4.tif,4,4.0,3.7876532077789307,3.861715793609619,3.499188184738159,3.9817898273468018,4
919,ChumBY15_20311_5310_6_89_4.tif,4,4.0,4.902093410491943,5.064456939697266,4.678481101989746,4.947443008422852,5
920,ChumBY21_25072_4055_439_43909_4.tif,4,4.0,4.06504487991333,4.099847793579102,4.098052024841309,3.9994752407073975,4
921,ChumBY13_18060_5306_121_367_4.tif,4,4.0,4.012819290161133,3.956880807876587,4.096279144287109,3.9912240505218506,4
922,ChumBY21_24921_5320_67_6735_4.tif,4,4.0,3.930551528930664,3.828080654144287,4.037071228027344,3.9341213703155518,4
923,ChumBY20_24389_5323_29_461_4.tif,4,4.0,3.876143455505371,4.053371429443359,3.541821241378784,4.009584903717041,4
924,BE7503F013_4.tif,4,4.0,4.053100109100342,4.116606712341309,4.007722854614258,4.031688690185547,4
925,BE0503F018_4.tif,4,4.0,4.015954494476318,4.011721134185791,4.032227993011475,4.0050578117370605,4
926,ChumBY21_24921_5320_64_6430_4.tif,4,4.0,3.627427577972412,3.843393087387085,3.27156138420105,3.74210262298584,4
927,BE7303M010_4.tif,4,4.0,3.989070177078247,3.9771692752838135,3.9758527278900146,4.013287544250488,4
928,BF7203M001_4.tif,4,4.0,3.9879326820373535,4.0388336181640625,3.9255495071411133,3.9949700832366943,4
929,CA0403M031_4.tif,4,4.0,4.125755786895752,4.290847301483154,4.084183692932129,3.999037027359009,4
930,ChumBY13_18060_5306_236_695_4.tif,4,4.0,3.9068539142608643,4.006249904632568,3.833158016204834,3.8758318424224854,4
931,ChumBY13_17630_5323_152_337_4.tif,4,4.0,3.925564765930176,3.9498531818389893,3.8131015300750732,4.005846977233887,4
932,ChumBY21_24976_5310_37_5293_4.tif,4,4.0,4.058769226074219,3.9410793781280518,4.266020774841309,3.9838836193084717,4
933,ChumBY21_24976_5310_92_7002_4.tif,4,4.0,3.05802583694458,3.037320852279663,3.149787664413452,2.993411064147949,3
934,ChumBY19_23572_5310_63_643_4.tif,4,4.0,3.835047721862793,3.819819450378418,3.7640268802642822,3.916367769241333,4
935,ChumBY20_24371_3671_248_5010_4.tif,4,4.0,3.956009864807129,3.9871342182159424,3.855005979537964,4.0187835693359375,4
936,BE0303F015_4.tif,4,4.0,4.0314621925354,3.9950313568115234,4.08753776550293,4.015797138214111,4
937,2021-HF-103-87_4.tif,4,4.0,3.9140405654907227,3.8948824405670166,3.858858346939087,3.9845640659332275,4
938,ChumBY18_22741_5306_98_575_4.tif,4,4.0,4.007612705230713,4.020184516906738,4.015960693359375,3.987252950668335,4
939,2020-CRAW-106-90_4.tif,4,4.0,3.9482600688934326,4.015326976776123,3.8285367488861084,3.9924397468566895,4
940,ChumBY17_22068_3245_222_606_4.tif,4,4.0,4.010558128356934,4.01863956451416,3.978858709335327,4.031949520111084,4
941,ChumBY21_24995_5323_69_736_4.tif,4,4.0,3.9884533882141113,3.9788148403167725,3.964282512664795,4.020593643188477,4
942,ChumBY18_22819_5323_17_262_4.tif,4,4.0,4.140267372131348,4.192458152770996,4.234489440917969,4.000336647033691,4
943,ChumBY21_25068_3681_480_33_4.tif,4,4.0,4.0162129402160645,3.880364179611206,4.17822265625,4.001604080200195,4
944,ChumBY21_25019_3442_310_31059_4.tif,4,4.0,4.111264228820801,4.220221996307373,4.086372375488281,4.025263786315918,4
945,QU9503M024_4.tif,4,4.0,4.018978595733643,4.010153770446777,4.053044319152832,3.996131420135498,4
946,BE0803M035_4.tif,4,4.0,4.059802532196045,4.007762908935547,4.10651159286499,4.06848669052124,4
947,BE1003F009_4.tif,4,4.0,4.104274272918701,4.267059326171875,3.993828058242798,4.043933868408203,4
948,UN1103M007_4.tif,4,4.0,3.9593119621276855,3.9864444732666016,3.8785746097564697,4.007232666015625,4
949,NS0803F013_4.tif,4,4.0,4.053584098815918,4.060983180999756,4.128007888793945,3.976942539215088,4
950,ChumBY14_19376_3261_331_215_4.tif,4,4.0,4.013178825378418,4.082212448120117,3.9836127758026123,3.971524477005005,4
951,ChumBY13_17760_5320_97_102_4.tif,4,4.0,4.584023952484131,4.62247896194458,4.43538236618042,4.683767318725586,5
952,ChumBY17_22030_3261_260_4098_4.tif,4,4.0,3.9453835487365723,3.920600414276123,3.909240484237671,4.00383186340332,4
953,ChumBY21_25088_2943_381_38113_4.tif,4,4.0,3.0617876052856445,3.0135693550109863,3.179835796356201,3.0002827644348145,3
954,ChumBY18_22783_4063_219_219029_4.tif,4,4.0,4.301901817321777,4.203770637512207,4.233899116516113,4.463465690612793,4
955,ChumBY16_21167_5310_141_684_4.tif,4,4.0,3.962639331817627,3.9393081665039062,3.933825969696045,4.012814521789551,4
956,ChumBY18_22830_3442_319_31952_4.tif,4,4.0,4.02820348739624,4.076123237609863,4.0173797607421875,3.990265130996704,4
957,BE7603M001_4.tif,4,4.0,3.994401454925537,3.9726028442382812,3.920610189437866,4.084880828857422,4
958,BT8103F018_4.tif,4,4.0,4.020843505859375,4.0061936378479,4.0594482421875,3.99960994720459,4
959,CA9003M019_4.tif,4,4.0,4.061034202575684,4.126720905303955,4.077638626098633,3.9797840118408203,4
960,ChumBY19_23587_3671_270_79_4.tif,4,4.0,3.965712070465088,3.97721529006958,3.8841493129730225,4.030058860778809,4
961,BE8803F016_4.tif,4,4.0,3.9703128337860107,3.8764572143554688,4.037921905517578,4.001447677612305,4
962,2024-HF-113-96_4.tif,4,4.0,4.141457557678223,4.172551155090332,4.246904373168945,4.012221336364746,4
963,BE6903F007_4.tif,4,4.0,4.001694202423096,3.9797608852386475,3.9947972297668457,4.030082702636719,4
964,ChumBY14_19372_5306_330_1383_4.tif,4,4.0,4.024753570556641,4.001354217529297,4.066988945007324,4.008907318115234,4
965,ChumBY15_20321_4055_231_29_4.tif,4,4.0,4.049740791320801,4.018030166625977,4.116158485412598,4.0197272300720215,4
966,BE1003F015_4.tif,4,4.0,4.008091926574707,3.9860458374023438,4.037606239318848,4.00272274017334,4
967,BE1203M032_4.tif,4,4.0,3.9849209785461426,4.017732620239258,3.958144187927246,3.9769577980041504,4
968,ChumBY21_24947_3671_206_899_4.tif,4,4.0,3.7139222621917725,3.6687722206115723,3.823427438735962,3.6572911739349365,4
969,ChumBY20_24517_3794_570_182_4.tif,4,4.0,4.0331292152404785,4.092679977416992,4.008913040161133,3.995997190475464,4
970,BF7003F032_4.tif,4,4.0,3.934988021850586,3.9613988399505615,3.838308572769165,3.998462200164795,4
971,ChumBY21_25019_3442_271_27108_4.tif,4,4.0,3.996799945831299,3.881279945373535,4.082834243774414,4.032498836517334,4
972,ChumBY19_23669_3414_464_46412_4.tif,4,4.0,4.072164058685303,4.158657550811768,4.101642608642578,3.9580936431884766,4
973,2022-DI-107-9_4.tif,4,4.0,4.123753547668457,4.035965919494629,4.39113712310791,3.962977170944214,4
974,BF7403F003_4.tif,4,4.0,3.958127975463867,3.940594434738159,3.9538543224334717,3.979668617248535,4
975,BE9703M006_4.tif,4,4.0,4.035177230834961,4.046506881713867,4.054900169372559,4.00547981262207,4
976,ChumBY15_20382_3870_241_123_4.tif,4,4.0,4.390671730041504,4.954831123352051,4.223739147186279,3.98077654838562,4
977,ChumBY11_14266_5323_52_186_4.tif,4,4.0,4.029840469360352,4.0348711013793945,4.035425662994385,4.019604682922363,4
978,ChumBY17_22035_3896_313_500_4.tif,4,4.0,4.287048816680908,4.137366771697998,4.503643035888672,4.235522270202637,4
979,ChumBY19_23587_3671_271_101_4.tif,4,4.0,3.8796768188476562,3.8947339057922363,3.8520514965057373,3.8902900218963623,4
980,ChumBY16_21119_4055_346_34608_4.tif,4,4.0,3.986701250076294,4.08109188079834,3.9301133155822754,3.9447786808013916,4
981,ChumBY16_21200_1607_588_58811_4.tif,4,4.0,4.244542121887207,4.385789394378662,4.33499813079834,4.018896102905273,4
982,ChumBY20_24524_5320_24_185_4.tif,4,4.0,4.092633247375488,4.273992538452148,4.013625144958496,3.9844412803649902,4
983,ChumBY17_22140_2943_410_152_4.tif,4,4.0,4.803672790527344,5.004568099975586,4.937075614929199,4.4783220291137695,5
984,ChumBY21_24921_5320_67_6711_4.tif,4,4.0,3.9683423042297363,3.986391067504883,3.9286251068115234,3.987206220626831,4
985,BE0403M002_4.tif,4,4.0,4.0808424949646,4.022920608520508,4.208282470703125,4.020322799682617,4
986,ChumBY17_22000_5306_138_417_4.tif,4,4.0,4.014842987060547,4.02487850189209,4.020383834838867,3.9996347427368164,4
987,BE6503M013_4.tif,4,4.0,4.0085954666137695,4.066160202026367,3.9593770503997803,3.996710777282715,4
988,ChumBY12_15420_5320_44_12_4.tif,4,4.0,3.9793174266815186,3.975377082824707,3.9622528553009033,3.999138116836548,4
989,ChumBY11_14491_4063_486_6_4.tif,4,4.0,3.965148687362671,3.7886126041412354,4.2047224044799805,3.91914963722229,4
990,BE9603M019_4.tif,4,4.0,4.016188621520996,4.043186187744141,4.002843856811523,4.001555442810059,4
991,ChumBY17_22039_3896_407_37_4.tif,4,4.0,4.022182464599609,4.083054542541504,3.9757235050201416,4.0044169425964355,4
992,ChumBY16_21435_1607_736_340_4.tif,4,4.0,4.186497688293457,4.359732627868652,4.208253860473633,3.9927127361297607,4
993,NS7903F008_4.tif,4,4.0,3.977513551712036,3.919093608856201,3.9792380332946777,4.0344343185424805,4
994,ChumBY17_22020_4055_310_489_4.tif,4,4.0,3.9760046005249023,3.9660120010375977,3.9710865020751953,3.9905896186828613,4
995,ChumBY13_17630_5323_81_116_4.tif,4,4.0,3.9880948066711426,4.022220134735107,3.9192264080047607,4.017970085144043,4
996,BE1303F031_4.tif,4,4.0,3.9975411891937256,3.9309327602386475,4.066463470458984,4.000157356262207,4
997,ChumBY17_22041_3357_376_474_4.tif,4,4.0,4.8169355392456055,4.877819538116455,4.959909439086914,4.622945785522461,5
998,BE9103F023_4.tif,4,4.0,4.05653715133667,4.030735969543457,4.145254135131836,3.9998605251312256,4
999,ChumBY16_21119_4055_283_28307_4.tif,4,4.0,4.139517784118652,4.467944145202637,3.970137119293213,3.9680588245391846,4
1000,ChumBY13_18060_5306_235_648_4.tif,4,4.0,4.2755842208862305,4.2341508865356445,4.6471662521362305,3.971442937850952,4
1001,ChumBY18_22797_1607_422_42203_4.tif,4,4.0,4.000764846801758,4.0848493576049805,3.934612512588501,3.97806453704834,4
1002,BE0703F008_4.tif,4,4.0,4.131582736968994,4.281468391418457,4.148276329040527,3.965897560119629,4
1003,NK7803F006_4.tif,4,4.0,4.345747947692871,4.014249324798584,4.263426780700684,4.754421234130859,4
1004,ChumBY19_23602_5320_27_2701_4.tif,4,4.0,4.039786338806152,4.006824016571045,4.1189727783203125,3.9991490840911865,4
1005,ChumBY21_24976_5310_102_8816_4.tif,4,4.0,4.040220260620117,4.028790473937988,4.09011173248291,4.005260467529297,4
1006,BT0603M021_4.tif,4,4.0,4.013661861419678,4.0339555740356445,4.022099494934082,3.985482692718506,4
1007,ChumBY19_23600_3896_333_488_4.tif,4,4.0,4.436943054199219,4.4911956787109375,4.065324783325195,4.728274822235107,4
1008,2021-HF-105-6_4.tif,4,4.0,3.7946810722351074,3.507009506225586,3.8768811225891113,4.006407737731934,4
1009,BE7003F019_4.tif,4,4.0,3.999124526977539,4.027034282684326,3.9493439197540283,4.017470359802246,4
1010,BE7603F018_4.tif,4,4.0,3.977083206176758,3.976271867752075,3.916131019592285,4.034594535827637,4
1011,2022-HF-102-7_4.tif,4,4.0,3.900933265686035,3.8390164375305176,3.870931625366211,3.9908688068389893,4
1012,BE9403F028_4.tif,4,4.0,4.024442195892334,4.007769584655762,4.063445568084717,4.004863739013672,4
1013,ChumBY19_23807_3261_406_40627_4.tif,4,4.0,4.0657219886779785,4.089340686798096,4.110324859619141,4.000570297241211,4
1014,ChumBY16_21167_5310_142_704_4.tif,4,4.0,3.9579901695251465,3.9019522666931152,3.963149070739746,4.009331226348877,4
1015,ChumBY21_24976_5310_99_8236_4.tif,4,4.0,3.9583914279937744,3.9237546920776367,3.9424333572387695,4.007935047149658,4
1016,ChumBY21_24937_4078_98_739_4.tif,4,4.0,4.031351566314697,4.02596378326416,4.074075698852539,3.9970061779022217,4
1017,BE0103M026_4.tif,4,4.0,4.022677421569824,3.9737372398376465,4.117330551147461,3.9836585521698,4
1018,ChumBY21_24976_5310_101_8500_4.tif,4,4.0,4.002944469451904,3.9505958557128906,4.0814080238342285,3.9823997020721436,4
1019,BE1103F035_4.tif,4,4.0,4.050284385681152,4.023869514465332,4.128790378570557,4.003720283508301,4
1020,BE0803F001_4.tif,4,4.0,4.001349925994873,4.071072101593018,3.9233927726745605,4.0040178298950195,4
1021,ChumBY13_18060_5306_188_482_4.tif,4,4.0,3.9228060245513916,3.8798117637634277,3.9036924839019775,3.9836578369140625,4
1022,ChumBY13_17491_4078_52_85_4.tif,4,4.0,4.010828018188477,3.9871997833251953,4.020941257476807,4.025092124938965,4
1023,UN7703F007_4.tif,4,4.0,4.03190279006958,3.9973294734954834,4.115678787231445,3.9886093139648438,4
1024,BE0103M033_4.tif,4,4.0,4.0089192390441895,4.038732528686523,3.9624273777008057,4.022299766540527,4
1025,BE7103F014_4.tif,4,4.0,3.972477912902832,3.9131860733032227,3.9951839447021484,4.01075553894043,4
1026,ChumBY19_23470_2943_259_3_4.tif,4,4.0,3.948124885559082,4.028114318847656,3.7988901138305664,4.006811141967773,4
1027,ChumBY18_22830_3442_319_31914_4.tif,4,4.0,4.462900638580322,4.837831497192383,4.154431343078613,4.374234199523926,4
1028,ChumBY12_15756_5306_265_170_4.tif,4,4.0,3.829646587371826,3.8406243324279785,3.6638171672821045,3.972904682159424,4
1029,ChumBY11_14273_3794_316_25_4.tif,4,4.0,4.025782585144043,4.10909366607666,3.938530445098877,4.023483753204346,4
1030,BE0203F005_4.tif,4,4.0,3.9809374809265137,3.9394731521606445,3.9902188777923584,4.013842582702637,4
1031,BE0403M006_4.tif,4,4.0,3.9825315475463867,4.011463165283203,3.931880235671997,4.000663757324219,4
1032,UC6903M023_4.tif,4,4.0,4.002244472503662,4.036622047424316,3.9641761779785156,4.003215789794922,4
1033,ChumBY17_22068_3245_185_271_4.tif,4,4.0,3.9382920265197754,3.922727346420288,3.9495339393615723,3.943427324295044,4
1034,ChumBY18_22776_5310_33_322_4.tif,4,4.0,3.8871169090270996,3.951423168182373,3.7567529678344727,3.943959951400757,4
1035,ChumBY21_24983_5306_195_1776_4.tif,4,4.0,3.99149751663208,3.9927597045898438,4.003781318664551,3.978806734085083,4
1036,ChumBY16_21407_5310_15_394_4.tif,4,4.0,4.0481438636779785,4.022182464599609,4.138652801513672,3.989960193634033,4
1037,UC0503F026_4.tif,4,4.0,4.279284477233887,4.023791313171387,4.439449310302734,4.3862504959106445,4
1038,ChumBY17_21979_3396_357_538_4.tif,4,4.0,3.9390015602111816,3.9136157035827637,3.879956007003784,4.019357681274414,4
1039,ChumBY21_25049_3357_368_36856_4.tif,4,4.0,4.106472492218018,4.037489891052246,4.277917861938477,4.016098976135254,4
1040,ChumBY21_24921_5320_69_69115_4.tif,4,4.0,3.9907209873199463,3.9815502166748047,3.9825050830841064,4.007550239562988,4
1041,ChumBY18_22808_3671_201_148_4.tif,4,4.0,4.050259590148926,4.094430446624756,4.054285526275635,4.002263069152832,4
1042,BE1203M020_4.tif,4,4.0,4.000905990600586,3.976294994354248,4.023952960968018,4.004123687744141,4
1043,ChumBY17_22006_4063_317_3175_4.tif,4,4.0,4.069891452789307,4.050220012664795,4.213924407958984,3.955617904663086,4
1044,ChumBY17_22020_4055_260_158_4.tif,4,4.0,3.9843544960021973,3.9722607135772705,3.9953725337982178,3.986220121383667,4
1045,ChumBY13_17981_5310_21_87_4.tif,4,4.0,3.991236925125122,3.913315534591675,4.088220119476318,3.979083776473999,4
1046,ChumBY16_21180_3870_268_1039_4.tif,4,4.0,4.002205848693848,4.038786888122559,3.9324817657470703,4.030417442321777,4
1047,ChumBY21_24937_4078_38_80_4.tif,4,4.0,4.028308391571045,3.9772980213165283,4.1172685623168945,3.9966580867767334,4
1048,ChumBY18_22820_3245_181_59_4.tif,4,4.0,3.994253635406494,4.049370765686035,4.059956073760986,3.877920389175415,4
1049,BE0403M016_4.tif,4,4.0,3.9899206161499023,3.9857892990112305,3.9668149948120117,4.015552520751953,4
1050,ChumBY11_14486_5358_176_25_4.tif,4,4.0,3.9621052742004395,3.918966770172119,3.9458844661712646,4.020410537719727,4
1051,BE0603M011_4.tif,4,4.0,3.9951610565185547,3.955592393875122,3.946730852127075,4.0798516273498535,4
1052,2022-CRAW-107-5_4.tif,4,4.0,4.441296577453613,5.12002420425415,4.199394226074219,3.9863650798797607,4
1053,BE7403F026_4.tif,4,4.0,3.9680399894714355,3.909714698791504,3.9630930423736572,4.031072616577148,4
1054,ChumBY21_24947_3671_191_447_4.tif,4,4.0,4.253186225891113,4.568973541259766,4.182860374450684,4.002246856689453,4
1055,ChumBY17_22164_3357_521_52_4.tif,4,4.0,3.977250814437866,4.0324907302856445,3.9897119998931885,3.9103200435638428,4
1056,2022-HF-106-95_4.tif,4,4.0,4.3570380210876465,3.861748456954956,4.51235818862915,4.708741188049316,4
1057,ChumBY13_17981_5310_20_52_4.tif,4,4.0,4.05750846862793,4.084643840789795,4.094551086425781,3.9958674907684326,4
1058,BE0903F027_4.tif,4,4.0,3.9959754943847656,3.9596877098083496,4.023920059204102,4.006335258483887,4
1059,ChumBY19_23530_5358_1_13_4.tif,4,4.0,3.964531421661377,3.9276418685913086,3.9597506523132324,4.005934715270996,4
1060,UC9403F001_4.tif,4,4.0,3.968935012817383,3.9590704441070557,3.9398062229156494,4.005913734436035,4
1061,2019-HF-109-4_4.tif,4,4.0,3.917116165161133,4.014820098876953,3.7548344135284424,3.9701919555664062,4
1062,UN8903F021_4.tif,4,4.0,4.2293596267700195,4.276999473571777,4.34510612487793,4.073964595794678,4
1063,UN7803M011_4.tif,4,4.0,4.007948875427246,3.92971134185791,4.0805253982543945,4.018815994262695,4
1064,ChumBY18_22837_2943_420_355_4.tif,4,4.0,3.970149040222168,3.9776577949523926,3.9808263778686523,3.9526941776275635,4
1065,ChumBY20_24386_4078_148_366_4.tif,4,4.0,3.8437070846557617,3.6333823204040527,3.9218533039093018,3.9817190170288086,4
1066,ChumBY19_23651_4078_124_12402_4.tif,4,4.0,4.417976379394531,4.782670974731445,4.061675071716309,4.384058952331543,4
1067,ChumBY13_18060_5306_242_811_4.tif,4,4.0,3.9564096927642822,3.974672317504883,3.874878406524658,4.013955116271973,4
1068,ChumBY14_19372_5306_224_349_4.tif,4,4.0,4.045496940612793,4.04589319229126,4.09605598449707,3.9980690479278564,4
1069,ChumBY18_22741_5306_156_683_4.tif,4,4.0,3.97090744972229,4.007904529571533,3.990692377090454,3.9154398441314697,4
1070,ChumBY21_24921_5320_61_61108_4.tif,4,4.0,3.4860076904296875,3.622260808944702,3.076012134552002,3.730891227722168,3
1071,ChumBY21_25072_4055_434_43415_4.tif,4,4.0,3.001533031463623,3.0065128803253174,3.0096499919891357,2.9889941215515137,3
1072,ChumBY18_22732_3414_199_19906_4.tif,4,4.0,3.900021553039551,3.910701036453247,3.8099265098571777,3.9731297492980957,4
1073,ChumBY21_24995_5323_80_895_4.tif,4,4.0,4.281668663024902,4.049350738525391,4.7842888832092285,4.0468645095825195,4
1074,BE1103F004_4.tif,4,4.0,4.020972728729248,3.9638795852661133,4.089925765991211,4.014028072357178,4
1075,ChumBY21_24947_3671_205_846_4.tif,4,4.0,4.107081413269043,4.182598114013672,4.126835823059082,4.013052940368652,4
1076,ChumBY18_22797_1607_529_52907_4.tif,4,4.0,3.8800735473632812,3.919217824935913,3.928101062774658,3.7961835861206055,4
1077,CA0103M027_4.tif,4,4.0,4.204304218292236,4.277652263641357,4.356472969055176,3.989274740219116,4
1078,BE7503M007_4.tif,4,4.0,3.993281126022339,3.9438719749450684,4.0186028480529785,4.019224643707275,4
1079,ChumBY19_23634_3396_390_39001_4.tif,4,4.0,3.8911399841308594,3.9218125343322754,3.667450428009033,4.068490028381348,4
1080,ChumBY16_21185_5323_105_861_4.tif,4,4.0,4.005529403686523,4.021917343139648,4.013908386230469,3.9813179969787598,4
1081,ChumBY21_25049_3357_367_36719_4.tif,4,4.0,3.9577503204345703,3.9609878063201904,3.9092087745666504,3.9996607303619385,4
1082,ChumBY21_24976_5310_75_5995_4.tif,4,4.0,3.7020134925842285,4.1128435134887695,3.851539373397827,3.1513516902923584,4
1083,ChumBY13_17760_5320_92_97_4.tif,4,4.0,3.975248336791992,3.936610221862793,3.998765468597412,3.9920809268951416,4
1084,ChumBY16_21199_2943_363_126_4.tif,4,4.0,3.9588212966918945,3.8600006103515625,3.997473955154419,4.021864891052246,4
1085,ChumBY21_24921_5320_47_4726_4.tif,4,4.0,3.3131422996520996,3.161837577819824,3.2804224491119385,3.4951565265655518,3
1086,BE1303F012_4.tif,4,4.0,4.020019054412842,4.0386199951171875,4.032256126403809,3.9900012016296387,4
1087,BE8103F025_4.tif,4,4.0,4.00766658782959,3.954688787460327,4.0828351974487305,3.9908180236816406,4
1088,ChumBY18_22821_3870_369_413_4.tif,4,4.0,4.053060531616211,4.069425582885742,4.074719429016113,4.016518592834473,4
1089,BE7703M019_4.tif,4,4.0,3.9752354621887207,3.96807599067688,3.9423811435699463,4.012969017028809,4
1090,BE7503M035_4.tif,4,4.0,3.9907689094543457,3.977097749710083,3.987581968307495,4.007429122924805,4
1091,ChumBY21_24995_5323_61_572_4.tif,4,4.0,4.007928848266602,3.989743232727051,4.029458045959473,4.006121635437012,4
1092,CA9203M025_4.tif,4,4.0,4.01348876953125,4.037637710571289,4.034075736999512,3.9701457023620605,4
1093,BE0403F004_4.tif,4,4.0,4.0543012619018555,4.0639448165893555,4.08888053894043,4.012474536895752,4
1094,BE7003F014_4.tif,4,4.0,3.998105525970459,3.977181911468506,4.027029037475586,3.992161989212036,4
1095,BE0803M003_4.tif,4,4.0,3.999373435974121,4.000535011291504,3.975714921951294,4.020216941833496,4
1096,ChumBY17_22020_4055_261_164_4.tif,4,4.0,3.9897913932800293,4.0260396003723145,3.9890458583831787,3.9541709423065186,4
1097,BE7403M005_4.tif,4,4.0,3.9994282722473145,3.9971981048583984,4.001081466674805,4.000123977661133,4
1098,ChumBY18_22815_3896_356_3567_4.tif,4,4.0,3.577202558517456,3.9170029163360596,3.528704881668091,3.281902551651001,4
1099,NK0603F017_4.tif,4,4.0,3.8872528076171875,3.916849136352539,3.7506773471832275,3.984647035598755,4
1100,ChumBY21_24995_5323_103_2083_4.tif,4,4.0,3.9881863594055176,3.996241807937622,4.012896537780762,3.9571309089660645,4
1101,ChumBY16_21167_5310_3_6_4.tif,4,4.0,4.30838680267334,4.523984909057617,4.151378631591797,4.23845100402832,4
1102,ChumBY16_21167_5310_156_1045_4.tif,4,4.0,3.955814838409424,3.742685556411743,4.1367950439453125,4.000978469848633,4
1103,2023-HF-107-1_4.tif,4,4.0,3.9418888092041016,3.8642823696136475,3.916206121444702,4.043525218963623,4
1104,ChumBY18_22910_5306_8_58_4.tif,4,4.0,4.203998565673828,4.394138336181641,4.216775894165039,4.001630783081055,4
1105,ChumBY13_18060_5306_153_429_4.tif,4,4.0,4.067639350891113,3.9619569778442383,4.260278701782227,3.9943177700042725,4
1106,BE6503F020_4.tif,4,4.0,3.98014497756958,3.9652023315429688,3.96124529838562,4.012694835662842,4
1107,2022-CRAW-107-91_4.tif,4,4.0,4.14671516418457,4.10244083404541,4.349784851074219,4.002171993255615,4
1108,ChumBY20_24225_3870_281_28112_4.tif,4,4.0,3.9516522884368896,3.8322319984436035,4.014102935791016,4.013195991516113,4
1109,BT0703F008_4.tif,4,4.0,4.046645164489746,4.094048976898193,4.039462089538574,4.005837440490723,4
1110,BE0503F020_4.tif,4,4.0,3.9905595779418945,3.9614272117614746,4.001477241516113,4.009589195251465,4
1111,2022-DI-120-10_4.tif,4,4.0,4.150030136108398,4.148471355438232,4.293435096740723,4.018194198608398,4
1112,BF9603M033_4.tif,4,4.0,4.031848430633545,4.076425552368164,4.01442289352417,4.003399848937988,4
1113,ChumBY17_22006_4063_316_3160_4.tif,4,4.0,3.9160733222961426,3.8438591957092285,3.8631019592285156,4.037692546844482,4
1114,2023-HF-110-90_4.tif,4,4.0,3.4429244995117188,3.867703676223755,3.4538731575012207,3.0071942806243896,3
1115,ChumBY21_24921_5320_67_67115_4.tif,4,4.0,3.951218366622925,3.857527256011963,4.025723457336426,3.9757730960845947,4
1116,ChumBY19_23636_3794_446_446149_4.tif,4,4.0,4.005361557006836,4.002366542816162,4.198758602142334,3.828462839126587,4
1117,BE0703F015_4.tif,4,4.0,4.5212249755859375,4.948851108551025,4.603069305419922,4.016694068908691,5
1118,ChumBY20_24510_3442_423_9942305_4.tif,4,4.0,3.401296615600586,3.8253231048583984,3.2182772159576416,3.146751880645752,3
1119,ChumBY11_14262_5306_27_19_4.tif,4,4.0,4.094141006469727,4.027866840362549,4.232025146484375,4.032273292541504,4
1120,ChumBY19_23355_5320_5_58_4.tif,4,4.0,3.949586868286133,4.124655723571777,4.004678726196289,3.7229549884796143,4
1121,ChumBY19_23470_2943_261_27_4.tif,4,4.0,5.110555171966553,5.2674713134765625,5.05155086517334,5.008242607116699,5
1122,ChumBY21_25007_4063_327_10114_4.tif,4,4.0,4.021866798400879,4.0037126541137695,4.087906837463379,3.9786229133605957,4
1123,UN8603F031_4.tif,4,4.0,4.013975143432617,4.077018737792969,3.9572689533233643,4.003566265106201,4
1124,ChumBY20_24389_5323_77_1520_4.tif,4,4.0,4.03786563873291,3.9837558269500732,4.07548713684082,4.057076454162598,4
1125,BE7603F008_4.tif,4,4.0,4.071185111999512,4.201189994812012,4.0133209228515625,3.9947712421417236,4
1126,CA8703M033_4.tif,4,4.0,4.15315580368042,4.179933071136475,4.281437873840332,4.007001876831055,4
1127,NS8403F016_4.tif,4,4.0,4.052401065826416,4.103525638580322,4.02476692199707,4.026889801025391,4
1128,BT1303M015_4.tif,4,4.0,4.012696743011475,4.015832424163818,4.00263786315918,4.018912315368652,4
1129,ChumBY13_17981_5310_23_121_4.tif,4,4.0,3.097222328186035,2.9915642738342285,3.0371148586273193,3.2589833736419678,3
1130,ChumBY18_22776_5310_51_672_4.tif,4,4.0,3.9538965225219727,3.9026875495910645,3.9449799060821533,4.013492584228516,4
1131,ChumBY21_25072_4055_328_32818_4.tif,4,4.0,3.9519662857055664,3.911421537399292,3.9455902576446533,3.9985153675079346,4
1132,UC7103F013_4.tif,4,4.0,4.004571914672852,3.979409694671631,4.038649559020996,3.9980804920196533,4
1133,ChumBY13_17643_5306_181_451_4.tif,4,4.0,4.053516387939453,4.044873237609863,4.095188140869141,4.023411750793457,4
1134,ChumBY13_17643_5306_187_507_4.tif,4,4.0,4.392524719238281,4.775613784790039,4.396583557128906,4.004968643188477,4
1135,ChumBY19_23610_5306_104_389_4.tif,4,4.0,3.984691858291626,3.9687089920043945,3.98319935798645,4.002092361450195,4
1136,ChumBY21_24976_5310_100_8296_4.tif,4,4.0,4.133054256439209,4.073206901550293,4.338347911834717,4.002043724060059,4
1137,ChumBY21_24976_5310_28_5072_4.tif,4,4.0,3.9852232933044434,3.8415300846099854,3.8514270782470703,4.253634452819824,4
1138,BE7603M011_4.tif,4,4.0,4.140702247619629,3.959855794906616,4.4307403564453125,4.052079200744629,4
1139,BE1303M003_4.tif,4,4.0,4.069218635559082,4.178816318511963,4.009796142578125,4.014698028564453,4
1140,BE1103F027_4.tif,4,4.0,4.1595940589904785,3.8236000537872314,4.725305557250977,3.969963550567627,4
1141,QU7603M034_4.tif,4,4.0,4.122251510620117,3.9655537605285645,4.037777900695801,4.357809066772461,4
1142,ChumBY12_15442_5358_49_8_4.tif,4,4.0,3.999668598175049,4.015073299407959,3.9274637699127197,4.0514020919799805,4
1143,BE6703M015_4.tif,4,4.0,4.009103298187256,4.052184104919434,3.9886646270751953,3.984957695007324,4
1144,NS9503F023_4.tif,4,4.0,3.9995341300964355,4.0086517333984375,3.9823663234710693,4.006369590759277,4
1145,ChumBY18_22783_4063_230_230023_4.tif,4,4.0,3.9467673301696777,3.8677589893341064,4.12558650970459,3.8595778942108154,4
1146,NS0303M029_4.tif,4,4.0,4.015192985534668,3.9167733192443848,4.197524070739746,3.9441843032836914,4
1147,ChumBY11_14325_3245_355_41_4.tif,4,4.0,4.068940162658691,4.100676536560059,4.070370674133301,4.035816192626953,4
1148,ChumBY13_17981_5310_20_45_4.tif,4,4.0,3.9675216674804688,4.041543006896973,3.88631272315979,3.9689083099365234,4
1149,2022-DI-120-94_4.tif,4,4.0,4.0113654136657715,4.014701843261719,4.043513298034668,3.978118419647217,4
1150,UC8003F007_4.tif,4,4.0,4.011220455169678,3.98857045173645,4.061898708343506,3.986769914627075,4
1151,ChumBY18_22776_5310_95_856_4.tif,4,4.0,3.98325252532959,3.9700379371643066,4.00706672668457,3.974339008331299,4
1152,ChumBY18_22739_3396_245_148_4.tif,4,4.0,4.0042853355407715,4.077447414398193,3.950967788696289,3.9805870056152344,4
1153,UN6303M005_4.tif,4,4.0,4.036303520202637,4.013789176940918,4.098966598510742,4.000568389892578,4
1154,ChumBY13_17643_5306_169_361_4.tif,4,4.0,4.027763366699219,4.112113952636719,3.9429826736450195,4.022125244140625,4
1155,CA8903F003_4.tif,4,4.0,3.988227605819702,3.944321393966675,4.04096794128418,3.9831535816192627,4
1156,ChumBY21_25049_3357_366_36631_4.tif,4,4.0,4.0265889167785645,4.053431987762451,4.007960796356201,4.017024993896484,4
1157,UN1003F011_4.tif,4,4.0,3.996553421020508,4.0441083908081055,3.953744411468506,3.988734483718872,4
1158,BE1003M011_4.tif,4,4.0,4.044067859649658,4.082298278808594,4.052881240844727,3.997570514678955,4
1159,ChumBY18_22955_3896_408_40801_4.tif,4,4.0,4.172478675842285,4.346378326416016,4.166589260101318,4.003744125366211,4
1160,NS0203M012_4.tif,4,4.0,3.96073055267334,4.011109352111816,3.8406333923339844,4.021976470947266,4
1161,2019-CRAW-107-87_4.tif,4,4.0,3.699518918991089,3.8022751808166504,3.2777259349823,3.9889333248138428,4
1162,NS0403M012_4.tif,4,4.0,4.020521640777588,3.995182514190674,4.007200241088867,4.058298110961914,4
1163,ChumBY12_15756_5306_20_8_4.tif,4,4.0,3.9825711250305176,3.9967074394226074,3.9648241996765137,3.984917402267456,4
1164,ChumBY15_20321_4055_290_45_4.tif,4,4.0,4.003375053405762,3.969151496887207,4.034332275390625,4.00886344909668,4
1165,BF7703F033_4.tif,4,4.0,4.018183708190918,3.9967198371887207,4.088493347167969,3.974283456802368,4
1166,NK7503F015_4.tif,4,4.0,3.972306966781616,3.981692314147949,3.9318478107452393,4.000540256500244,4
1167,ChumBY13_17643_5306_159_340_4.tif,4,4.0,3.99395751953125,4.025289535522461,3.9196722507476807,4.031669616699219,4
1168,ChumBY18_22864_3261_339_83_4.tif,4,4.0,3.953188419342041,3.9673306941986084,3.9338643550872803,3.956996202468872,4
1169,BT0403F018_4.tif,4,4.0,3.9583916664123535,3.919191360473633,3.954185724258423,4.001575469970703,4
1170,ChumBY17_22020_4055_256_140_4.tif,4,4.0,4.056684494018555,4.073385238647461,4.104377746582031,3.995588541030884,4
1171,ChumBY21_24976_5310_97_7904_4.tif,4,4.0,4.107357978820801,4.089877128601074,4.237301826477051,4.003995895385742,4
1172,ChumBY15_20302_3671_172_93_4.tif,4,4.0,4.053928852081299,3.8310320377349854,4.3485212326049805,4.003194332122803,4
1173,ChumBY21_24976_5310_97_7844_4.tif,4,4.0,4.1162590980529785,4.138740539550781,4.181838035583496,4.0327348709106445,4
1174,CA0503F016_4.tif,4,4.0,4.000319957733154,3.8794565200805664,4.125922203063965,4.004565238952637,4
1175,BE0103F017_4.tif,4,4.0,3.993776798248291,4.018024921417236,3.9461288452148438,4.01380729675293,4
1176,ChumBY11_14311_5310_159_719_4.tif,4,4.0,3.6581668853759766,3.941052198410034,3.832092046737671,3.212984323501587,4
1177,ChumBY16_21167_5310_155_1041_4.tif,4,4.0,4.095369338989258,4.103092193603516,4.172201633453369,4.016161918640137,4
1178,2022-CRAW-115-90_4.tif,4,4.0,4.014985084533691,4.05394172668457,3.978656053543091,4.009750843048096,4
1179,NS8903F002_4.tif,4,4.0,3.972719192504883,3.92142653465271,3.9984750747680664,4.00014591217041,4
1180,ChumBY11_14386_5306_35_47_4.tif,4,4.0,4.086449146270752,4.066933631896973,4.17025089263916,4.028047561645508,4
1181,2020-CRAW-106-3_4.tif,4,4.0,3.940107583999634,3.9476723670959473,3.883310556411743,3.9853627681732178,4
1182,ChumBY13_18060_5306_176_459_4.tif,4,4.0,4.770263671875,5.368756294250488,4.877215385437012,4.071203231811523,5
1183,BE0403M017_4.tif,4,4.0,3.988992691040039,3.946544647216797,4.013118743896484,4.009075164794922,4
1184,ChumBY21_24995_5323_100_1959_4.tif,4,4.0,3.8988537788391113,3.8300728797912598,3.8797695636749268,3.9855105876922607,4
1185,ChumBY13_18060_5306_242_808_4.tif,4,4.0,3.9873156547546387,4.035653114318848,3.895528554916382,4.024272441864014,4
1186,ChumBY21_24976_5310_101_8560_4.tif,4,4.0,4.2890625,4.350494384765625,4.543950080871582,3.9904210567474365,4
1187,ChumBY20_24353_5306_217_337_4.tif,4,4.0,4.006797790527344,4.075023174285889,3.950338840484619,3.9909684658050537,4
1188,BE0803M018_4.tif,4,4.0,4.036322593688965,4.091055870056152,4.004330635070801,4.0112504959106445,4
1189,NS7903F013_4.tif,4,4.0,4.003561973571777,3.9644904136657715,4.036388397216797,4.012168884277344,4
1190,ChumBY17_22016_3681_263_26302_4.tif,4,4.0,3.9635539054870605,3.9331436157226562,3.9693267345428467,3.9886486530303955,4
1191,UC7403F008_4.tif,4,4.0,4.0239577293396,4.021322250366211,4.040353775024414,4.011345863342285,4
1192,ChumBY11_14327_3703_463_88_4.tif,4,4.0,3.97603178024292,3.999678611755371,3.8807294368743896,4.040993690490723,4
1193,ChumBY19_23618_5323_25_61_4.tif,4,4.0,4.063248157501221,4.1751627922058105,3.989940643310547,4.019323348999023,4
1194,ChumBY16_21129_3681_418_41808_4.tif,4,4.0,4.190803527832031,4.126158714294434,4.42588996887207,4.036886215209961,4
1195,ChumBY11_14325_3245_333_17_4.tif,4,4.0,3.7301621437072754,4.061288833618164,3.90545654296875,3.235377550125122,4
1196,KZ1103F001_4.tif,4,4.0,4.072307109832764,4.065005302429199,4.132923126220703,4.023236274719238,4
1197,BE8503F025_4.tif,4,4.0,3.97428560256958,3.9077882766723633,4.012355804443359,4.005489826202393,4
1198,NS6503F008_4.tif,4,4.0,3.9685592651367188,3.947615623474121,3.9702954292297363,3.9879262447357178,4
1199,2022-CRAW-113-4_4.tif,4,4.0,4.0835723876953125,4.204251289367676,4.069954872131348,3.9753429889678955,4
1200,ChumBY16_21128_3703_1026_706_4.tif,4,4.0,4.51701021194458,4.780312538146973,4.534204483032227,4.237237930297852,5
1201,ChumBY21_24947_3671_197_622_4.tif,4,4.0,4.088346004486084,4.097979545593262,4.146954536437988,4.024177551269531,4
1202,BE7403M008_4.tif,4,4.0,3.9734039306640625,3.8877272605895996,4.001294136047363,4.033291816711426,4
1203,BF0203F027_4.tif,4,4.0,4.119798183441162,3.9426426887512207,4.064262390136719,4.34893274307251,4
1204,BE0603F015_4.tif,4,4.0,4.034677505493164,3.92756724357605,4.063009262084961,4.115627288818359,4
1205,ChumBY18_22732_3414_247_24708_4.tif,4,4.0,4.00555419921875,4.043057441711426,3.9583890438079834,4.011857032775879,4
1206,ChumBY21_25049_3357_368_36848_4.tif,4,4.0,4.215517997741699,4.236422538757324,4.381990432739258,4.03972053527832,4
1207,ChumBY17_22030_3261_261_4104_4.tif,4,4.0,3.998939037322998,3.9442832469940186,4.034819602966309,4.020317077636719,4
1208,UC9103M038_4.tif,4,4.0,4.064318656921387,4.040173530578613,4.126699447631836,4.03048038482666,4
1209,BF0603M019_4.tif,4,4.0,4.019138336181641,4.0323286056518555,4.003293037414551,4.020664215087891,4
1210,ChumBY15_20281_3896_356_133_4.tif,4,4.0,4.044811248779297,4.1104326248168945,4.068059921264648,3.9574460983276367,4
1211,BE6703F010_4.tif,4,4.0,4.017155170440674,4.032177925109863,4.027931213378906,3.992081642150879,4
1212,ChumBY16_21182_3896_400_40008_4.tif,4,4.0,4.0167622566223145,4.093372821807861,3.9605743885040283,3.992279529571533,4
1213,BE0803M020_4.tif,4,4.0,4.006579399108887,4.054598808288574,3.9826977252960205,3.9806888103485107,4
1214,ChumBY21_24976_5310_92_6778_4.tif,4,4.0,3.9840779304504395,4.150251388549805,3.859391927719116,3.933589220046997,4
1215,ChumBY16_21136_5320_9_25_4.tif,4,4.0,3.759744882583618,3.9295058250427246,3.6832354068756104,3.6608479022979736,4
1216,ChumBY13_18060_5306_235_655_4.tif,4,4.0,4.045939922332764,4.090927600860596,4.081313133239746,3.9679672718048096,4
1217,BT0403F026_4.tif,4,4.0,4.0192413330078125,4.057488918304443,3.9846198558807373,4.013129234313965,4
1218,NK0903M003_4.tif,4,4.0,4.351659774780273,4.387279510498047,4.648707389831543,4.039659023284912,4
1219,UC7003M001_4.tif,4,4.0,3.9849839210510254,3.9410769939422607,4.014800071716309,4.001235008239746,4
1220,UN7703M022_4.tif,4,4.0,4.06937313079834,4.126625061035156,4.074808120727539,4.006961822509766,4
1221,BE0903M013_4.tif,4,4.0,3.9924187660217285,4.00128173828125,3.9612045288085938,4.012576103210449,4
1222,ChumBY19_23609_1607_525_952517_4.tif,4,4.0,4.128227233886719,4.132154941558838,4.228944301605225,4.030604362487793,4
1223,NK1003M009_4.tif,4,4.0,4.149411201477051,4.079105377197266,4.430906295776367,3.957993984222412,4
1224,UC9403M010_4.tif,4,4.0,4.053072452545166,4.000236988067627,4.179134368896484,3.9887399673461914,4
1225,ChumBY19_23634_3396_301_30125_4.tif,4,4.0,3.8217196464538574,3.9139087200164795,3.8953607082366943,3.6608622074127197,4
1226,2022-HF-110-1_4.tif,4,4.0,3.7067160606384277,3.742628812789917,3.900876045227051,3.4901297092437744,4
1227,ChumBY21_24976_5310_92_7170_4.tif,4,4.0,3.999431610107422,3.98034405708313,4.039125442504883,3.981630802154541,4
1228,BE9803F012_4.tif,4,4.0,4.026993751525879,4.023707866668701,4.029010772705078,4.028409481048584,4
1229,ChumBY17_22020_4055_265_266_4.tif,4,4.0,3.979966640472412,3.9535746574401855,4.022106170654297,3.96720814704895,4
1230,BF8103M035_4.tif,4,4.0,4.030388355255127,4.071663856506348,4.00793981552124,4.009920597076416,4
1231,BT8303M033_4.tif,4,4.0,4.047015190124512,4.117062568664551,4.001369953155518,4.01930046081543,4
1232,BE0003M020_4.tif,4,4.0,5.046869277954102,4.735030174255371,5.498866081237793,4.93881893157959,5
1233,ChumBY21_24937_4078_58_330_4.tif,4,4.0,4.007855415344238,3.719313859939575,4.321348190307617,4.005304336547852,4
1234,CA9703M008_4.tif,4,4.0,4.0416717529296875,4.030184745788574,4.081865310668945,4.0157904624938965,4
1235,2022-DI-120-4_4.tif,4,4.0,3.889662265777588,3.75698184967041,3.881091833114624,4.030553817749023,4
1236,NK9703F009_4.tif,4,4.0,4.01389217376709,4.027375221252441,3.9982645511627197,4.014922142028809,4
1237,ChumBY19_23605_3870_219_323_4.tif,4,4.0,3.673274040222168,3.9773168563842773,3.904714345932007,3.153394937515259,4
1238,ChumBY21_24921_5320_69_69107_4.tif,4,4.0,4.040215492248535,4.100521087646484,3.968445301055908,4.046561241149902,4
1239,ChumBY18_22776_5310_31_285_4.tif,4,4.0,4.002035140991211,3.9392964839935303,4.040899276733398,4.028735637664795,4
1240,ChumBY21_24976_5310_90_6473_4.tif,4,4.0,4.007110118865967,4.024188995361328,4.013209342956543,3.9843263626098633,4
1241,ChumBY19_23433_5323_10_308_4.tif,4,4.0,3.88499116897583,3.792776107788086,3.8312180042266846,4.027392864227295,4
1242,ChumBY19_23590_4078_72_7102_4.tif,4,4.0,4.211758136749268,4.098600387573242,4.385869979858398,4.163159370422363,4
1243,NS6603F011_4.tif,4,4.0,4.043383598327637,4.101760387420654,3.983341932296753,4.040752410888672,4
1244,BE0603F013_4.tif,4,4.0,3.3265819549560547,3.794512987136841,2.1073880195617676,3.9919116497039795,3
1245,NS9403F024_4.tif,4,4.0,4.161653995513916,4.290600776672363,4.118699073791504,4.072431564331055,4
1246,BE7303M008_4.tif,4,4.0,4.014039516448975,4.018596649169922,4.019460678100586,4.004430770874023,4
1247,BE0103M028_4.tif,4,4.0,4.059048175811768,4.053435325622559,4.119065284729004,4.008843421936035,4
1248,BE0103M034_4.tif,4,4.0,4.028308391571045,4.016490936279297,4.05770206451416,4.012804985046387,4
1249,QU9003F018_4.tif,4,4.0,4.2573041915893555,4.52992582321167,4.257872104644775,3.9836630821228027,4
1250,QU0603M015_4.tif,4,4.0,4.032168865203857,4.030670166015625,4.055478572845459,4.011987686157227,4
1251,ChumBY21_24976_5310_45_5427_4.tif,4,4.0,4.028489112854004,4.028711318969727,4.018640518188477,4.037428379058838,4
1252,ChumBY16_21185_5323_37_173_4.tif,4,4.0,3.957127571105957,3.944962978363037,3.9432883262634277,3.982187509536743,4
1253,BE0003M024_4.tif,4,4.0,4.0357513427734375,4.023646831512451,4.075855255126953,4.01057243347168,4
1254,ChumBY16_21162_3396_404_156_4.tif,4,4.0,3.97224760055542,3.962780714035034,3.958994150161743,3.9940600395202637,4
1255,QU9103M006_4.tif,4,4.0,4.016357421875,4.022246360778809,4.0353851318359375,3.99275803565979,4
1256,ChumBY15_20401_5323_11_48_4.tif,4,4.0,4.6014251708984375,4.656493663787842,4.640581130981445,4.5098347663879395,5
1257,BE6903M015_4.tif,4,4.0,3.96402645111084,3.911792278289795,3.967794895172119,4.012849807739258,4
1258,ChumBY18_22741_5306_156_715_4.tif,4,4.0,3.965562105178833,3.9930315017700195,3.906613349914551,3.99287748336792,4
1259,ChumBY13_17944_5323_27_88_4.tif,4,4.0,3.6235594749450684,3.820244312286377,3.6503045558929443,3.401641368865967,4
1260,ChumBY13_17643_5306_101_121_4.tif,4,4.0,3.9941155910491943,4.011272430419922,3.9544427394866943,4.013832092285156,4
1261,UN8403F020_4.tif,4,4.0,4.047371864318848,4.087418079376221,4.052007675170898,4.002941131591797,4
1262,ChumBY21_25019_3442_310_31027_4.tif,4,4.0,4.024062633514404,4.195317268371582,3.878481864929199,3.9879186153411865,4
1263,ChumBY14_19598_3870_336_61_4.tif,4,4.0,3.938594102859497,3.8559458255767822,3.9874281883239746,3.9759654998779297,4
1264,ChumBY20_24353_5306_210_294_4.tif,4,4.0,4.538418769836426,4.171466827392578,4.874351501464844,4.593544960021973,5
1265,BE1203F033_4.tif,4,4.0,3.993814468383789,3.919689655303955,4.04106330871582,4.024121284484863,4
1266,ChumBY21_24983_5306_182_1342_4.tif,4,4.0,3.995342969894409,3.971130132675171,4.011529922485352,4.004542350769043,4
1267,UN8503M003_4.tif,4,4.0,4.08895206451416,4.085369110107422,4.129176139831543,4.0551252365112305,4
1268,BE0303F030_4.tif,4,4.0,3.9830048084259033,3.9482154846191406,4.003619194030762,3.99868106842041,4
1269,KZ0803M015_4.tif,4,4.0,4.028641700744629,4.086052894592285,4.008028030395508,3.9903008937835693,4
1270,BT0503M019_4.tif,4,4.0,4.332552433013916,4.427731990814209,4.2653398513793945,4.2997236251831055,4
1271,BE7503F010_4.tif,4,4.0,4.025210857391357,4.047317981719971,4.009741306304932,4.017454147338867,4
1272,UN8203F008_4.tif,4,4.0,4.036011219024658,4.052745819091797,4.0566205978393555,4.000075817108154,4
1273,QU8903F028_4.tif,4,4.0,4.0308027267456055,3.968364953994751,4.100106239318848,4.028886795043945,4
1274,ChumBY15_20401_5323_37_513_4.tif,4,4.0,4.373241901397705,4.0973076820373535,4.332090377807617,4.687953948974609,4
1275,ChumBY19_23577_3357_166_16601_4.tif,4,4.0,4.049115180969238,4.026667594909668,4.097492694854736,4.026601791381836,4
1276,BT8103F021_4.tif,4,4.0,4.030002593994141,4.031345844268799,4.0482988357543945,4.011637210845947,4
1277,BE1303F011_4.tif,4,4.0,4.721577167510986,4.509243488311768,4.751791000366211,4.90618896484375,5
1278,UN8303M026_4.tif,4,4.0,4.039180278778076,4.090399742126465,4.011774063110352,4.013361930847168,4
1279,ChumBY15_20321_4055_227_13_4.tif,4,4.0,4.010427951812744,4.021061420440674,3.998183012008667,4.011165618896484,4
1280,ChumBY13_18060_5306_11_46_4.tif,4,4.0,3.861598491668701,3.9438109397888184,4.039649963378906,3.613612174987793,4
1281,2021-HF-105-4_4.tif,4,4.0,3.9824748039245605,3.9052352905273438,4.073134422302246,3.9755213260650635,4
1282,ChumBY18_22721_4078_39_173_4.tif,4,4.0,4.060146331787109,4.0226240158081055,4.1850996017456055,3.9815025329589844,4
1283,ChumBY21_25031_4111_624_62401_4.tif,4,4.0,3.986931324005127,4.006191253662109,3.974930763244629,3.9787991046905518,4
1284,BF7003F003_4.tif,4,4.0,3.9864895343780518,4.015450477600098,3.9643712043762207,3.978050708770752,4
1285,ChumBY20_24330_3414_458_45810_4.tif,4,4.0,4.255227088928223,4.20948600769043,4.188139915466309,4.363455772399902,4
1286,ChumBY21_24921_5320_66_6684_4.tif,4,4.0,4.024037837982178,4.008792877197266,4.088029861450195,3.9797840118408203,4
1287,ChumBY18_22785_5323_27_91_4.tif,4,4.0,3.927140474319458,3.271789312362671,4.138693809509277,4.386885166168213,4
1288,BE1303M033_4.tif,4,4.0,4.004049301147461,3.990931272506714,4.017223358154297,4.004937171936035,4
1289,ChumBY15_20270_5306_5_9_4.tif,4,4.0,3.9982380867004395,4.050251007080078,3.922104835510254,4.016951560974121,4
1290,2022-DI-120-93_4.tif,4,4.0,4.128993988037109,4.2823662757873535,4.128374099731445,3.975921869277954,4
1291,ChumBY19_23634_3396_301_30135_4.tif,4,4.0,3.8962302207946777,3.8149802684783936,3.924844741821289,3.951009750366211,4
1292,ChumBY15_20355_4111_605_376_4.tif,4,4.0,3.9809274673461914,3.8978333473205566,4.080144882202148,3.97187876701355,4
1293,BE6703M002_4.tif,4,4.0,3.9809446334838867,3.9906153678894043,3.953620195388794,3.996674060821533,4
1294,ChumBY13_18060_5306_146_423_4.tif,4,4.0,3.932469367980957,3.876479148864746,3.9546456336975098,3.9679324626922607,4
1295,ChumBY21_24976_5310_103_9029_4.tif,4,4.0,4.210371494293213,4.349751949310303,4.27571964263916,4.009952068328857,4
1296,ChumBY16_21167_5310_110_231_4.tif,4,4.0,4.089338302612305,4.233623504638672,4.064682960510254,3.9677271842956543,4
1297,BE7103F002_4.tif,4,4.0,3.9771711826324463,3.9695935249328613,3.941155195236206,4.018265247344971,4
1298,ChumBY21_24976_5310_93_7318_4.tif,4,4.0,3.9583301544189453,3.9773306846618652,3.905290126800537,3.988633632659912,4
1299,ChumBY12_16121_5306_108_60_4.tif,4,4.0,4.166241645812988,4.340445041656494,4.175907135009766,3.9827330112457275,4
1300,ChumBY21_24976_5310_38_5309_4.tif,4,4.0,3.9842734336853027,4.040626525878906,3.9288365840911865,3.9793860912323,4
1301,ChumBY19_23605_3870_219_343_4.tif,4,4.0,3.9855844974517822,4.031515121459961,3.946260929107666,3.9761500358581543,4
1302,BF9903F005_4.tif,4,4.0,4.0135626792907715,3.96425199508667,4.029275894165039,4.048345565795898,4
1303,ChumBY19_23536_5306_144_1072_4.tif,4,4.0,3.9419469833374023,3.8423824310302734,3.97446346282959,4.011444091796875,4
1304,BE6503M003_4.tif,4,4.0,3.9925193786621094,4.033467769622803,3.958956241607666,3.9827182292938232,4
1305,NS0003M002_4.tif,4,4.0,3.9447009563446045,3.9476120471954346,3.913064479827881,3.97121262550354,4
1306,ChumBY13_17491_4078_96_190_4.tif,4,4.0,4.0228776931762695,4.023926734924316,4.051410675048828,3.9952855110168457,4
1307,BE7103M023_4.tif,4,4.0,4.022154808044434,3.9763975143432617,4.0460205078125,4.045794486999512,4
1308,BE6703M009_4.tif,4,4.0,4.001058578491211,3.9766387939453125,4.018646240234375,4.009161949157715,4
1309,BE7603F019_4.tif,4,4.0,4.013185501098633,4.01531982421875,4.085543632507324,3.9437386989593506,4
1310,ChumBY18_22827_3681_290_29003_4.tif,4,4.0,3.97239089012146,4.00658655166626,3.903658151626587,4.00206995010376,4
1311,2024-HF-110-6_4.tif,4,4.0,3.7933602333068848,3.756503105163574,3.5924317836761475,4.017189979553223,4
1312,ChumBY21_24921_5320_67_6779_4.tif,4,4.0,4.15426778793335,3.9594473838806152,4.033464431762695,4.461812973022461,4
1313,ChumBY13_17944_5323_30_122_4.tif,4,4.0,4.041126728057861,4.08475399017334,4.094620704650879,3.9476606845855713,4
1314,2022-HF-102-2_4.tif,4,4.0,3.858096122741699,3.75453519821167,3.801600694656372,4.014395713806152,4
1315,ChumBY14_19381_3703_576_6_4.tif,4,4.0,3.7964162826538086,3.7129712104797363,3.7872862815856934,3.888505220413208,4
1316,BF0103M035_4.tif,4,4.0,4.021646976470947,3.9813554286956787,4.076139450073242,4.011322021484375,4
1317,NS6703F003_4.tif,4,4.0,4.009738922119141,4.007598876953125,4.009675979614258,4.011941909790039,4
1318,UN9303F016_4.tif,4,4.0,4.681465148925781,4.598392486572266,4.4040069580078125,5.022781848907471,5
1319,BT0803F033_4.tif,4,4.0,4.061551570892334,4.120449066162109,4.0652852058410645,3.999074697494507,4
1320,UN0003M033_4.tif,4,4.0,4.071109771728516,4.164865493774414,4.038558006286621,4.007464408874512,4
1321,ChumBY18_22741_5306_94_507_4.tif,4,4.0,5.122318744659424,5.120116233825684,5.267906188964844,4.98909854888916,5
1322,BE8903F021_4.tif,4,4.0,3.959547996520996,3.9090957641601562,3.9700684547424316,4.00030517578125,4
1323,ChumBY21_24921_5320_47_4706_4.tif,4,4.0,4.331182956695557,4.088454246520996,4.398393630981445,4.511829376220703,4
1324,KZ0303F014_4.tif,4,4.0,4.231270790100098,4.129086017608643,4.285904884338379,4.282818794250488,4
1325,BE7303F032_4.tif,4,4.0,4.076484203338623,4.140464782714844,3.9165399074554443,4.16117000579834,4
1326,ChumBY16_21251_4078_12_26_4.tif,4,4.0,3.9488515853881836,3.956876754760742,3.9091851711273193,3.977710008621216,4
1327,NS6303F002_4.tif,4,4.0,4.005859851837158,3.9625511169433594,4.024702548980713,4.0317182540893555,4
1328,ChumBY21_25044_3681_341_34111_4.tif,4,4.0,4.142253875732422,3.970534324645996,4.332653999328613,4.137171745300293,4
1329,ChumBY21_25032_2943_242_24221_4.tif,4,4.0,3.9235188961029053,3.9559402465820312,3.805882215499878,4.000466346740723,4
1330,BF9303M016_4.tif,4,4.0,4.0023064613342285,4.055126190185547,3.945974588394165,4.001791477203369,4
1331,ChumBY17_21957_3703_1008_1008005_4.tif,4,4.0,4.070770740509033,4.120000839233398,4.111577033996582,3.9834930896759033,4
1332,ChumBY16_21128_3703_826_196_4.tif,4,4.0,3.9762468338012695,3.9587531089782715,3.957878351211548,4.010859489440918,4
1333,BT1103F012_4.tif,4,4.0,4.019988059997559,4.053474426269531,3.980905771255493,4.022795677185059,4
1334,ChumBY19_23433_5323_21_351_4.tif,4,4.0,2.9971275329589844,2.9669013023376465,2.9998619556427,3.0248639583587646,3
1335,ChumBY16_21201_5320_27_2764_4.tif,4,4.0,3.956972599029541,4.01052188873291,3.946016550064087,3.9135186672210693,4
1336,BE1203M009_4.tif,4,4.0,4.053218364715576,4.064959526062012,4.134992599487305,3.965388298034668,4
1337,ChumBY16_21373_3794_451_99_4.tif,4,4.0,4.003942489624023,3.9362611770629883,4.0778303146362305,4.003013610839844,4
1338,2019-CRAW-102-4_4.tif,4,4.0,4.055287837982178,4.2690839767456055,3.9148266315460205,3.97176456451416,4
1339,BE0903M005_4.tif,4,4.0,4.00836181640625,3.9401559829711914,4.081456661224365,4.008697509765625,4
1340,BT1203M033_4.tif,4,4.0,4.100955009460449,4.1485676765441895,4.1026082038879395,4.051718711853027,4
1341,ChumBY21_25031_4111_624_62417_4.tif,4,4.0,3.918987989425659,3.9667534828186035,3.8003756999969482,3.9814703464508057,4
1342,ChumBY21_24921_5320_69_6962_4.tif,4,4.0,4.038540363311768,4.070584297180176,4.046903610229492,3.9986588954925537,4
1343,NS8003M028_4.tif,4,4.0,3.9832215309143066,4.025891304016113,3.928461790084839,3.991412401199341,4
1344,ChumBY13_17527_5310_141_232_4.tif,4,4.0,4.137838363647461,4.245277404785156,4.165935516357422,4.004068374633789,4
1345,BT9603M007_4.tif,4,4.0,4.041802883148193,4.0464372634887695,4.068318843841553,4.012495040893555,4
1346,KZ8903M031_4.tif,4,4.0,4.037842750549316,4.12612771987915,4.014524459838867,3.9710896015167236,4
1347,BE1203F006_4.tif,4,4.0,3.990546226501465,3.976321220397949,3.9926044940948486,4.002882480621338,4
1348,ChumBY13_17630_5323_161_375_4.tif,4,4.0,4.499327182769775,4.954463958740234,4.463743686676025,4.076469421386719,4
1349,2023-HF-105-96_4.tif,4,4.0,4.007290363311768,4.020061016082764,4.016656875610352,3.9857842922210693,4
1350,ChumBY21_24921_5320_58_5819_4.tif,4,4.0,3.6750423908233643,3.3417246341705322,3.783799171447754,3.9077951908111572,4
1351,BE6903F018_4.tif,4,4.0,4.029036521911621,4.021965026855469,4.045244216918945,4.02104377746582,4
1352,CA0403F006_4.tif,4,4.0,4.041722297668457,4.1478753089904785,3.955512285232544,4.015571117401123,4
1353,BE0903M017_4.tif,4,4.0,4.002070903778076,3.927828073501587,4.068110466003418,4.015016555786133,4
1354,ChumBY17_21970_5310_83_973_4.tif,4,4.0,4.0303778648376465,4.0087199211120605,4.070962905883789,4.014322280883789,4
1355,NK8603M008_4.tif,4,4.0,3.9804184436798096,4.023846626281738,3.927683115005493,3.985966682434082,4
1356,ChumBY21_24947_3671_216_1043_4.tif,4,4.0,3.982544422149658,4.080375671386719,3.8769750595092773,3.9827377796173096,4
1357,ChumBY21_24983_5306_182_1366_4.tif,4,4.0,3.9719083309173584,3.8764452934265137,4.042290210723877,4.002074241638184,4
1358,BE0703M002_4.tif,4,4.0,4.019144535064697,4.033807277679443,4.014017105102539,4.0092244148254395,4
1359,BT8803F016_4.tif,4,4.0,4.992530822753906,4.995166778564453,5.00189733505249,4.98117733001709,5
1360,ChumBY16_21182_3896_348_34803_4.tif,4,4.0,4.047471523284912,4.041903972625732,4.0846476554870605,4.018467903137207,4
1361,ChumBY17_21978_5323_104_1135_4.tif,4,4.0,3.9518041610717773,3.9602129459381104,3.9236948490142822,3.96952748298645,4
1362,2021-CRAW-109-9_4.tif,4,4.0,3.944262981414795,3.9520530700683594,3.879364490509033,3.9968278408050537,4
1363,BE0703F019_4.tif,4,4.0,4.05949592590332,3.9735777378082275,4.214996337890625,4.000922203063965,4
1364,CA9503M007_4.tif,4,4.0,4.209643363952637,4.197941780090332,4.42368221282959,4.0222649574279785,4
1365,ChumBY21_24995_5323_103_2243_4.tif,4,4.0,4.0124831199646,4.101719379425049,3.9523520469665527,3.979020118713379,4
1366,ChumBY20_24344_4078_36_5_4.tif,4,4.0,4.026065826416016,4.088703155517578,3.9655864238739014,4.019574165344238,4
1367,2022-DI-116-89_4.tif,4,4.0,4.073759078979492,4.094180107116699,4.153883934020996,3.978769302368164,4
1368,2024-HF-101-1_4.tif,4,4.0,4.147758960723877,4.216791152954102,4.1907196044921875,4.038640022277832,4
1369,QU0503F010_4.tif,4,4.0,4.518723011016846,4.982831954956055,4.496563911437988,4.074389934539795,5
1370,BT0103M002_4.tif,4,4.0,4.02318811416626,4.004110336303711,4.06479549407959,4.003596782684326,4
1371,UN9403M039_4.tif,4,4.0,4.03073787689209,4.024495601654053,4.07259464263916,3.998056650161743,4
1372,ChumBY19_23588_3261_317_263_4.tif,4,4.0,3.981102466583252,3.9929513931274414,3.953058958053589,3.99531888961792,4
1373,ChumBY21_24976_5310_102_8892_4.tif,4,4.0,4.005759239196777,4.055417060852051,4.0124921798706055,3.949748992919922,4
1374,BE0903M034_4.tif,4,4.0,3.9693264961242676,3.9280333518981934,3.9811534881591797,3.999692916870117,4
1375,BE6703M008_4.tif,4,4.0,4.002756118774414,4.016758918762207,3.9710986614227295,4.018177032470703,4
1376,ChumBY13_18383_5306_27_49_4.tif,4,4.0,4.2925872802734375,4.375345230102539,4.153876304626465,4.338711261749268,4
1377,BE6903M024_4.tif,4,4.0,3.9908554553985596,4.014304161071777,3.961054801940918,3.9950850009918213,4
1378,BE7503F008_4.tif,4,4.0,4.017159461975098,4.001938343048096,4.018092155456543,4.0315399169921875,4
1379,ChumBY21_24995_5323_106_2468_4.tif,4,4.0,3.9860854148864746,3.9822750091552734,3.945756435394287,4.027416229248047,4
1380,ChumBY19_23605_3870_347_1138_4.tif,4,4.0,3.2487800121307373,3.377228260040283,3.3426172733306885,3.032811164855957,3
1381,ChumBY11_14266_5323_52_194_4.tif,4,4.0,4.180959224700928,4.037379264831543,4.531871795654297,3.998375177383423,4
1382,UC7203F030_4.tif,4,4.0,4.0093793869018555,4.0229268074035645,3.9960873126983643,4.008172035217285,4
1383,NS9903F013_4.tif,4,4.0,4.011599540710449,3.9796676635742188,4.059077262878418,3.999424695968628,4
1384,BE1103F007_4.tif,4,4.0,4.028407096862793,4.0270209312438965,4.059213638305664,4.001140117645264,4
1385,BE7303M006_4.tif,4,4.0,3.9729695320129395,3.949951648712158,3.9689648151397705,3.9997541904449463,4
1386,BE1103F001_4.tif,4,4.0,4.035321235656738,3.96479868888855,4.146492004394531,4.002558708190918,4
1387,BE0103M010_4.tif,4,4.0,3.9883084297180176,3.9493188858032227,4.0073699951171875,4.009637355804443,4
1388,ChumBY15_20270_5306_9_41_4.tif,4,4.0,4.113492965698242,4.07175874710083,4.222809314727783,4.053614616394043,4
1389,BE7503M002_4.tif,4,4.0,4.029953479766846,4.079217910766602,3.9980363845825195,4.010290145874023,4
1390,ChumBY19_23587_3671_314_161_4.tif,4,4.0,3.965487480163574,3.932222604751587,3.927356481552124,4.034282684326172,4
1391,UN0303F027_4.tif,4,4.0,4.524825096130371,4.471655368804932,4.4980058670043945,4.6030378341674805,5
1392,ChumBY14_19546_4055_411_87_4.tif,4,4.0,4.048399925231934,4.098894119262695,4.067547798156738,3.980003595352173,4
1393,BE7103F016_4.tif,4,4.0,4.015705108642578,4.048047065734863,3.9951529502868652,4.002423286437988,4
1394,2022-CRAW-113-95_4.tif,4,4.0,4.139786720275879,4.09895133972168,4.127178192138672,4.1924238204956055,4
1395,ChumBY18_22721_4078_38_165_4.tif,4,4.0,3.9545583724975586,3.9186675548553467,3.9599533081054688,3.9854953289031982,4
1396,BE8403F023_4.tif,4,4.0,3.977489709854126,3.9473071098327637,3.967252731323242,4.01724910736084,4
1397,BT0003F019_4.tif,4,4.0,4.229286193847656,4.315970420837402,4.380280494689941,4.001988887786865,4
1398,ChumBY21_24976_5310_93_7382_4.tif,4,4.0,4.293649673461914,4.402250289916992,4.221187591552734,4.25225830078125,4
1399,ChumBY21_24983_5306_202_1923_4.tif,4,4.0,4.002770900726318,3.9431891441345215,4.103520393371582,3.968740940093994,4
1400,ChumBY14_19554_3414_381_102_4.tif,4,4.0,4.005794525146484,4.052170753479004,3.965998411178589,3.9963533878326416,4
1401,ChumBY19_23807_3261_409_40915_4.tif,4,4.0,4.011157512664795,4.002082824707031,4.058279991149902,3.976414442062378,4
1402,ChumBY21_24937_4078_55_234_4.tif,4,4.0,3.944585084915161,3.9091849327087402,3.9921579360961914,3.935796022415161,4
1403,ChumBY21_24937_4078_59_421_4.tif,4,4.0,4.248195648193359,4.264721870422363,4.52712345123291,3.9721786975860596,4
1404,ChumBY16_21407_5310_8_161_4.tif,4,4.0,3.8925838470458984,3.7576847076416016,3.884124517440796,4.035595417022705,4
1405,BE1003F034_4.tif,4,4.0,4.0016770362854,4.034329414367676,4.0027689933776855,3.9679505825042725,4
1406,ChumBY11_14292_4078_109_152_4.tif,4,4.0,4.019406795501709,3.8444411754608154,4.263546466827393,3.9675865173339844,4
1407,ChumBY18_22783_4063_230_230016_4.tif,4,4.0,3.9077115058898926,3.998859167098999,3.803624153137207,3.913222551345825,4
1408,ChumBY17_21990_3794_286_565_4.tif,4,4.0,4.028173923492432,3.9828743934631348,4.107823371887207,3.999464273452759,4
1409,ChumBY21_25032_2943_245_24511_4.tif,4,4.0,3.992088794708252,3.951143503189087,4.026843070983887,4.000779151916504,4
1410,BE0103M025_4.tif,4,4.0,4.0148396492004395,4.021111488342285,4.017248153686523,4.006316184997559,4
1411,ChumBY18_22827_3681_287_28701_4.tif,4,4.0,4.063470840454102,4.091941833496094,4.104228973388672,3.997034788131714,4
1412,BE7403M027_4.tif,4,4.0,3.9900166988372803,3.9993371963500977,3.9604623317718506,4.008171081542969,4
1413,CA0303M010_4.tif,4,4.0,4.0330705642700195,4.028903961181641,4.084893226623535,3.9890389442443848,4
1414,ChumBY18_22732_3414_247_24704_4.tif,4,4.0,4.025115013122559,4.042573928833008,4.049508094787598,3.984934091567993,4
1415,BE6703M001_4.tif,4,4.0,3.9844863414764404,3.9774742126464844,3.934842109680176,4.03769063949585,4
1416,UN0803M028_4.tif,4,4.0,4.088051795959473,4.033343315124512,4.252987861633301,3.9894330501556396,4
1417,BE0403F009_4.tif,4,4.0,4.012249946594238,3.9909026622772217,4.022302150726318,4.024285316467285,4
1418,ChumBY16_21191_3442_265_288_4.tif,4,4.0,3.706188678741455,3.680528163909912,3.9006004333496094,3.5510520935058594,4
1419,ChumBY21_24947_3671_151_315_4.tif,4,4.0,4.017770767211914,4.012270450592041,3.988241195678711,4.050749778747559,4
1420,ChumBY16_21167_5310_122_572_4.tif,4,4.0,4.787537097930908,4.975573539733887,4.459057807922363,4.904715538024902,5
1421,ChumBY11_14362_1607_292_21_4.tif,4,4.0,4.928711414337158,5.011799335479736,4.7687554359436035,4.994266510009766,5
1422,ChumBY19_23587_3671_273_127_4.tif,4,4.0,3.711373805999756,3.8986265659332275,3.8673207759857178,3.3787195682525635,4
1423,BE0703M015_4.tif,4,4.0,4.016772270202637,3.990589141845703,4.074756622314453,3.989065408706665,4
1424,BE7003M008_4.tif,4,4.0,3.992588996887207,3.9872663021087646,3.9846982955932617,4.005260944366455,4
1425,ChumBY21_24983_5306_182_1266_4.tif,4,4.0,4.087363243103027,3.9659321308135986,4.301593780517578,4.009732723236084,4
1426,BE1103F033_4.tif,4,4.0,4.008234977722168,4.005886554718018,4.025435447692871,3.9945883750915527,4
1427,ChumBY20_24353_5306_405_1746_4.tif,4,4.0,4.348469257354736,4.18021297454834,4.168798446655273,4.6841607093811035,4
1428,ChumBY21_25073_4111_702_70201_4.tif,4,4.0,4.047142028808594,4.020719528198242,4.118000507354736,4.007699012756348,4
1429,QU7603F003_4.tif,4,4.0,3.999265432357788,3.9980504512786865,3.9997055530548096,4.000073432922363,4
1430,ChumBY21_24976_5310_99_8064_4.tif,4,4.0,3.981844425201416,3.978834867477417,3.969271421432495,3.9965555667877197,4
1431,BE0503F001_4.tif,4,4.0,4.039953231811523,4.133321285247803,3.9700870513916016,4.011406898498535,4
1432,NS6803F022_4.tif,4,4.0,4.017815589904785,3.9821696281433105,4.046170711517334,4.027148723602295,4
1433,ChumBY21_24976_5310_97_7820_4.tif,4,4.0,3.266545057296753,3.0907223224639893,3.467454195022583,3.2557971477508545,3
1434,ChumBY19_23866_3396_427_29_4.tif,4,4.0,3.9821112155914307,4.068981170654297,3.7961385250091553,4.06807804107666,4
1435,ChumBY19_23395_5323_4_402_4.tif,4,4.0,4.039203643798828,4.030804634094238,4.049111366271973,4.038401126861572,4
1436,NS9903M007_4.tif,4,4.0,3.9800634384155273,3.9763567447662354,3.9621148109436035,4.000472068786621,4
1437,BT8703M028_4.tif,4,4.0,4.144155979156494,4.033327102661133,4.396294593811035,4.02064323425293,4
1438,ChumBY21_24921_5320_70_7023_4.tif,4,4.0,3.4247560501098633,3.389744758605957,3.3880813121795654,3.493946075439453,3
1439,ChumBY17_22040_3442_362_36214_4.tif,4,4.0,3.984257221221924,4.0333662033081055,3.9218156337738037,3.9931435585021973,4
1440,ChumBY21_24976_5310_89_6293_4.tif,4,4.0,3.7536373138427734,3.440742254257202,3.8769240379333496,3.9524149894714355,4
1441,ChumBY16_21119_4055_417_41703_4.tif,4,4.0,3.9894323348999023,4.058454513549805,3.9410178661346436,3.9653213024139404,4
1442,2019-HF-101-34_4.tif,4,4.0,4.126074314117432,4.479161739349365,3.906067371368408,3.9770030975341797,4
1443,ChumBY20_24280_5320_7_15_4.tif,4,4.0,4.119591236114502,4.142726898193359,4.216279983520508,4.006473541259766,4
1444,BE6503F018_4.tif,4,4.0,4.005697250366211,4.056398868560791,3.919879913330078,4.034731864929199,4
1445,2019-HF-106-6_4.tif,4,4.0,3.8364415168762207,3.8566739559173584,3.6690406799316406,3.9718902111053467,4
1446,NS6803F012_4.tif,4,4.0,3.9794609546661377,3.9793431758880615,3.9389595985412598,4.017253875732422,4
1447,BE0203F012_4.tif,4,4.0,3.991725444793701,3.9605014324188232,3.9733924865722656,4.0400590896606445,4
1448,ChumBY12_15599_3896_324_1_4.tif,4,4.0,4.096133232116699,3.9213674068450928,4.368258476257324,4.018080711364746,4
1449,BE1103F009_4.tif,4,4.0,4.011906147003174,3.99338960647583,4.035129547119141,4.008853912353516,4
1450,BT8903M019_4.tif,4,4.0,4.13494348526001,4.236516952514648,4.0753068923950195,4.088661193847656,4
1451,UN7703F020_4.tif,4,4.0,4.0319719314575195,3.9914257526397705,4.079618453979492,4.028270721435547,4
1452,ChumBY13_17944_5323_27_65_4.tif,4,4.0,4.825651168823242,4.861666679382324,4.623096466064453,4.977987766265869,5
1453,BF0103F019_4.tif,4,4.0,4.0532660484313965,4.082756996154785,4.041276931762695,4.034873962402344,4
1454,ChumBY20_24386_4078_136_286_4.tif,4,4.0,3.905231475830078,3.598273992538452,4.127939224243164,4.00557804107666,4
1455,BE6703F031_4.tif,4,4.0,4.008073329925537,4.021466255187988,3.990419626235962,4.011077880859375,4
1456,ChumBY13_17944_5323_27_41_4.tif,4,4.0,4.754140853881836,4.984011650085449,4.708610534667969,4.566208362579346,5
1457,BE0303M035_4.tif,4,4.0,3.967866897583008,3.9176015853881836,3.9762966632843018,4.010380744934082,4
1458,ChumBY18_22828_4055_210_21002_4.tif,4,4.0,3.6427273750305176,3.9019675254821777,3.8879237174987793,3.154935121536255,4
1459,BF9403M008_4.tif,4,4.0,4.003938674926758,3.977886199951172,4.034173965454102,4.001913547515869,4
1460,ChumBY17_22068_3245_181_215_4.tif,4,4.0,3.1933979988098145,3.435476303100586,3.085968017578125,3.0508148670196533,3
1461,ChumBY16_21191_3442_277_345_4.tif,4,4.0,4.024662971496582,4.0077433586120605,4.031770706176758,4.035001754760742,4
1462,ChumBY16_21184_3261_367_581_4.tif,4,4.0,3.9918465614318848,4.03753662109375,3.941648006439209,3.9927690029144287,4
1463,BF9703M022_4.tif,4,4.0,3.954364776611328,3.9389686584472656,3.934983253479004,3.987816572189331,4
1464,ChumBY19_23651_4078_144_14415_4.tif,4,4.0,3.8932108879089355,3.7834067344665527,3.8879892826080322,4.00806999206543,4
1465,BE7303M012_4.tif,4,4.0,3.9707746505737305,3.9411911964416504,3.9362058639526367,4.032567501068115,4
1466,ChumBY16_21147_4063_227_135_4.tif,4,4.0,4.74210262298584,4.9082746505737305,4.761492729187012,4.557594299316406,5
1467,BE0303M003_4.tif,4,4.0,4.065884590148926,4.164007186889648,4.065810203552246,3.9676530361175537,4
1468,ChumBY21_25073_4111_640_64002_4.tif,4,4.0,3.966919422149658,3.946367025375366,3.964653730392456,3.989616632461548,4
1469,BE7503M021_4.tif,4,4.0,4.033947944641113,4.025084972381592,4.055730819702148,4.0225629806518555,4
1470,BE8303F023_4.tif,4,4.0,4.000948905944824,4.0356340408325195,3.962035655975342,4.002398490905762,4
1471,UC7203M010_4.tif,4,4.0,3.9788618087768555,3.973848342895508,3.993685483932495,3.970094680786133,4
1472,KZ9703M016_4.tif,4,4.0,4.016717433929443,3.9899532794952393,4.040037155151367,4.0218377113342285,4
1473,ChumBY21_24921_5320_69_6910_4.tif,4,4.0,3.9598264694213867,3.95936918258667,3.902343511581421,4.013755798339844,4
1474,ChumBY19_23581_3245_274_205_4.tif,4,4.0,3.8962717056274414,3.9160077571868896,3.758629083633423,4.004537105560303,4
1475,ChumBY13_17630_5323_79_92_4.tif,4,4.0,3.944707155227661,4.062808036804199,3.8114514350891113,3.9503488540649414,4
1476,ChumBY15_20528_5306_28_61_4.tif,4,4.0,4.240854740142822,4.553112983703613,4.104884147644043,4.0545148849487305,4
1477,BF8803M011_4.tif,4,4.0,3.976529121398926,4.010268211364746,3.904110908508301,4.010092735290527,4
1478,BE7603M018_4.tif,4,4.0,4.023472309112549,3.9827733039855957,4.076129913330078,4.015261173248291,4
1479,BF0503M029_4.tif,4,4.0,4.008629322052002,3.954927921295166,4.043376922607422,4.030104637145996,4
1480,ChumBY18_22798_5320_87_578_4.tif,4,4.0,3.910229206085205,3.8547980785369873,3.962822914123535,3.916837692260742,4
1481,BF9103F036_4.tif,4,4.0,4.219423770904541,4.2850470542907715,4.121451377868652,4.244817733764648,4
1482,ChumBY15_20399_4078_121_33_4.tif,4,4.0,3.993439197540283,3.960829973220825,4.025391578674316,3.996384382247925,4
1483,ChumBY21_24947_3671_156_327_4.tif,4,4.0,3.8189773559570312,3.7113847732543945,3.736090660095215,4.003865718841553,4
1484,ChumBY21_25045_3245_331_33117_4.tif,4,4.0,3.9505763053894043,3.9281132221221924,3.9436442852020264,3.979527235031128,4
1485,CA9203M002_4.tif,4,4.0,4.251805305480957,4.440647125244141,4.215400695800781,4.0964860916137695,4
1486,ChumBY16_21136_5320_41_70_4.tif,4,4.0,4.048938274383545,4.086752891540527,4.082509994506836,3.9798271656036377,4
1487,ChumBY18_22830_3442_320_32055_4.tif,4,4.0,4.233672618865967,4.356578350067139,4.3689374923706055,3.98471999168396,4
1488,2023-HF-110-29_4.tif,4,4.0,3.8343544006347656,3.77734375,3.7492265701293945,3.9706547260284424,4
1489,BE0003M004_4.tif,4,4.0,3.963513135910034,3.910888195037842,3.9706480503082275,4.00959587097168,4
1490,ChumBY11_14335_3671_221_2_4.tif,4,4.0,3.923708200454712,4.057921886444092,3.674232244491577,4.021317481994629,4
1491,NS9103M014_4.tif,4,4.0,4.042685031890869,4.055992603302002,4.0604248046875,4.012851238250732,4
1492,ChumBY21_24983_5306_182_1362_4.tif,4,4.0,3.985769271850586,4.045654296875,3.883380651473999,4.021018981933594,4
1493,BE7003M026_4.tif,4,4.0,4.001986503601074,3.9686567783355713,4.002642631530762,4.034767150878906,4
1494,ChumBY21_24921_5320_45_4513_4.tif,4,4.0,4.030816078186035,3.9638452529907227,4.151492118835449,3.9856534004211426,4
1495,BE7303M003_4.tif,4,4.0,3.995328426361084,4.00467586517334,3.9595930576324463,4.019205093383789,4
1496,ChumBY20_24353_5306_283_515_4.tif,4,4.0,3.9280710220336914,3.8346619606018066,3.9714553356170654,3.9812920093536377,4
1497,QU9503F001_4.tif,4,4.0,4.042910099029541,4.103594779968262,4.000950813293457,4.02114725112915,4
1498,ChumBY13_17643_5306_193_558_4.tif,4,4.0,3.958437442779541,3.994053363800049,3.8251965045928955,4.046699523925781,4
1499,BT1003F014_4.tif,4,4.0,4.15572452545166,3.4010438919067383,4.463519096374512,4.625453948974609,4
1500,ChumBY19_23609_1607_598_959801_4.tif,4,4.0,3.9965128898620605,3.98990535736084,3.9722864627838135,4.025667190551758,4
1501,ChumBY21_24976_5310_100_8388_4.tif,4,4.0,3.4675421714782715,3.690431594848633,3.701263427734375,3.0268402099609375,3
1502,ChumBY19_23587_3671_305_153_4.tif,4,4.0,3.9796295166015625,3.9493465423583984,3.9585044384002686,4.029617786407471,4
1503,ChumBY16_21167_5310_121_532_4.tif,4,4.0,4.002866744995117,3.997323513031006,4.034767150878906,3.9787468910217285,4
1504,ChumBY12_15756_5306_187_61_4.tif,4,4.0,3.7639529705047607,3.9461581707000732,3.7013180255889893,3.6396827697753906,4
1505,BE6803M012_4.tif,4,4.0,3.9983201026916504,4.044917583465576,3.9496333599090576,3.9969265460968018,4
1506,BE0303F029_4.tif,4,4.0,4.0428314208984375,4.047780990600586,4.09066104888916,3.9933807849884033,4
1507,ChumBY12_15756_5306_188_64_4.tif,4,4.0,4.148799896240234,4.145607948303223,4.049713134765625,4.244168281555176,4
1508,BE0403F022_4.tif,4,4.0,4.023187637329102,3.9845757484436035,4.093409538269043,3.9965484142303467,4
1509,UN0303M009_4.tif,4,4.0,4.000174522399902,4.006574630737305,3.9904565811157227,4.002802848815918,4
1510,BE0203M022_4.tif,4,4.0,3.9759507179260254,3.9412875175476074,3.963383913040161,4.022366523742676,4
1511,2023-HF-117-5_4.tif,4,4.0,4.1388258934021,4.406846046447754,3.957397937774658,4.039088249206543,4
1512,KZ8303F006_4.tif,4,4.0,4.167088508605957,4.374088287353516,4.099843502044678,4.0222673416137695,4
1513,ChumBY17_22035_3896_254_225_4.tif,4,4.0,4.027822971343994,4.121333122253418,3.9468743801116943,4.009443759918213,4
1514,ChumBY13_17981_5310_23_137_4.tif,4,4.0,4.319169044494629,4.547790050506592,4.431150436401367,3.985969066619873,4
1515,ChumBY21_24995_5323_113_2539_4.tif,4,4.0,4.2047553062438965,4.216238021850586,4.424160480499268,3.989159345626831,4
1516,BE9003F030_4.tif,4,4.0,4.056019306182861,4.146130561828613,4.008846282958984,4.009626388549805,4
1517,ChumBY21_24976_5310_80_6122_4.tif,4,4.0,3.955638885498047,3.9972434043884277,4.005072593688965,3.8679749965667725,4
1518,ChumBY16_21184_3261_367_569_4.tif,4,4.0,4.100067138671875,4.165727138519287,4.110139846801758,4.024920463562012,4
1519,BF8003F021_4.tif,4,4.0,4.023289203643799,4.029184341430664,4.044938087463379,3.9972455501556396,4
1520,CA9803M005_4.tif,4,4.0,4.453091621398926,4.556021690368652,4.29323673248291,4.498674392700195,4
1521,QU7003M001_4.tif,4,4.0,4.230517864227295,4.1215949058532715,4.553279399871826,4.039401054382324,4
1522,ChumBY18_22797_1607_519_51902_4.tif,4,4.0,4.068506240844727,4.080629348754883,4.179934501647949,3.9527089595794678,4
1523,BE6503M020_4.tif,4,4.0,3.987356424331665,4.000524520874023,3.9661829471588135,3.9938602447509766,4
1524,2023-HF-103-6_4.tif,4,4.0,4.105716705322266,3.9789535999298096,4.317166328430176,4.036016464233398,4
1525,BE0403F017_4.tif,4,4.0,4.045396327972412,4.129578113555908,3.982266426086426,4.019786834716797,4
1526,ChumBY19_23587_3671_333_165_4.tif,4,4.0,3.97788667678833,3.853257894515991,4.035345077514648,4.049291610717773,4
1527,ChumBY21_24995_5323_21_38_4.tif,4,4.0,4.0130696296691895,3.9644417762756348,4.088501930236816,3.99161696434021,4
1528,ChumBY21_24937_4078_48_159_4.tif,4,4.0,4.012472629547119,4.13839054107666,3.908374547958374,3.9831607341766357,4
1529,ChumBY16_21435_1607_678_159_4.tif,4,4.0,4.019559860229492,3.9780173301696777,4.093796730041504,3.9921224117279053,4
1530,BE0403F014_4.tif,4,4.0,4.033108711242676,4.0188212394714355,4.077420234680176,4.006203651428223,4
1531,BE0803F025_4.tif,4,4.0,3.999551296234131,4.041952133178711,3.9405453205108643,4.011961936950684,4
1532,ChumBY18_22864_3261_332_62_4.tif,4,4.0,4.140730381011963,4.203144073486328,4.206849098205566,4.01669979095459,4
1533,ChumBY14_19542_3261_495_178_4.tif,4,4.0,4.009707450866699,4.027465343475342,4.021572113037109,3.9808809757232666,4
1534,BE7503F017_4.tif,4,4.0,4.011491775512695,3.9916319847106934,4.048669815063477,3.9968039989471436,4
1535,ChumBY21_24976_5310_93_7466_4.tif,4,4.0,4.019439220428467,4.0544328689575195,4.001026153564453,4.001509666442871,4
1536,ChumBY21_24976_5310_101_8572_4.tif,4,4.0,3.5572915077209473,3.5585312843322754,3.5298945903778076,3.581533670425415,4
1537,BE1103F017_4.tif,4,4.0,3.973285436630249,3.9222488403320312,3.984715461730957,4.013781547546387,4
1538,ChumBY16_21119_4055_445_44502_4.tif,4,4.0,4.059477806091309,4.124934196472168,4.073801040649414,3.9805796146392822,4
1539,ChumBY16_21185_5323_67_735_4.tif,4,4.0,3.39498233795166,3.4269516468048096,3.396235227584839,3.3617897033691406,3
1540,ChumBY19_23605_3870_219_386_4.tif,4,4.0,3.911238193511963,3.9257113933563232,3.924393892288208,3.8845016956329346,4
1541,BE0903F001_4.tif,4,4.0,3.9321250915527344,3.861558675765991,3.944593906402588,3.9912195205688477,4
1542,BE7003F023_4.tif,4,4.0,4.039668083190918,4.109684944152832,4.012945175170898,3.994381904602051,4
1543,BE1203M034_4.tif,4,4.0,4.4814453125,4.952679634094238,4.452328681945801,4.036445617675781,4
1544,UN8803F019_4.tif,4,4.0,4.005242347717285,3.9714863300323486,4.071450233459473,3.9774718284606934,4
1545,ChumBY16_21199_2943_411_330_4.tif,4,4.0,4.016607284545898,3.9059557914733887,4.131842613220215,4.020264625549316,4
1546,ChumBY18_22808_3671_229_360_4.tif,4,4.0,3.74348783493042,3.383591651916504,3.88726806640625,3.970287322998047,4
1547,BE7403F032_4.tif,4,4.0,3.977623462677002,3.939310073852539,3.979504346847534,4.014256477355957,4
1548,ChumBY21_25032_2943_241_24153_4.tif,4,4.0,3.980532646179199,3.9714252948760986,3.9713823795318604,3.998168706893921,4
1549,ChumBY21_24976_5310_90_6565_4.tif,4,4.0,4.074680328369141,4.136313438415527,4.082711219787598,4.005465507507324,4
1550,BE1303M017_4.tif,4,4.0,4.016595840454102,4.045392036437988,3.9959332942962646,4.006967544555664,4
1551,BF9003F020_4.tif,4,4.0,4.010581016540527,4.024774551391602,3.9998908042907715,4.006305694580078,4
1552,BE7403F012_4.tif,4,4.0,4.063852787017822,4.079190731048584,4.101410865783691,4.0135498046875,4
1553,ChumBY21_25019_3442_271_27124_4.tif,4,4.0,4.023804187774658,3.935486078262329,4.140129089355469,4.004075050354004,4
1554,ChumBY20_24408_3245_253_68_4.tif,4,4.0,3.981325387954712,3.9324703216552734,4.035251617431641,3.9801058769226074,4
1555,ChumBY21_25017_1607_463_463002_4.tif,4,4.0,3.992036819458008,4.0020012855529785,3.9849019050598145,3.9886910915374756,4
1556,QU9003M032_4.tif,4,4.0,4.009833335876465,3.9137496948242188,4.124883651733398,3.9990687370300293,4
1557,BF0203F013_4.tif,4,4.0,4.111166000366211,4.175846576690674,4.135751724243164,4.023499488830566,4
1558,ChumBY19_23605_3870_257_677_4.tif,4,4.0,3.979410409927368,3.987781047821045,3.9558615684509277,3.9929304122924805,4
1559,ChumBY17_22030_3261_265_4128_4.tif,4,4.0,4.312633514404297,4.534656524658203,4.4098591804504395,3.999770402908325,4
1560,ChumBY21_24921_5320_61_6118_4.tif,4,4.0,3.80507755279541,3.539459228515625,4.003693580627441,3.886420488357544,4
1561,ChumBY21_24976_5310_99_8244_4.tif,4,4.0,3.997891426086426,3.920659065246582,4.065059661865234,4.012783050537109,4
1562,BE1203F020_4.tif,4,4.0,3.977010488510132,3.945838689804077,3.9716579914093018,4.013216972351074,4
1563,ChumBY21_24995_5323_36_166_4.tif,4,4.0,4.037178039550781,4.156820297241211,3.9585468769073486,3.9904637336730957,4
1564,ChumBY14_19442_5310_183_899_4.tif,4,4.0,3.9863533973693848,3.9883928298950195,3.9696452617645264,3.999851942062378,4
1565,ChumBY15_20279_5306_260_453_5.tif,5,5.0,4.92701530456543,4.939507961273193,4.822569370269775,5.011656761169434,5
1566,Chum_SCL_2001_65_5.tif,5,5.0,4.9989237785339355,4.998791694641113,4.987043380737305,5.010106563568115,5
1567,QU9204M019_5.tif,5,5.0,5.020941734313965,5.051724910736084,5.023593902587891,4.987635612487793,5
1568,BF9804M013_5.tif,5,5.0,5.005632400512695,4.96141242980957,5.127673149108887,4.936409950256348,5
1569,NS0704M028_5.tif,5,5.0,4.78916072845459,4.8289666175842285,5.011401653289795,4.542552947998047,5
1570,Chum_SCL_2001_158_5.tif,5,5.0,5.083341598510742,5.109635353088379,5.153183460235596,4.992032051086426,5
1571,BF6604F026_5.tif,5,5.0,4.669214248657227,4.793277740478516,4.961182594299316,4.273336410522461,5
1572,KZ7604M026_5.tif,5,5.0,4.970165252685547,4.969404697418213,4.9831132888793945,4.958883285522461,5
1573,ChumBY18_22774_3245_220_22006_5.tif,5,5.0,4.595603942871094,4.735174655914307,4.298891067504883,4.731785774230957,5
1574,BE0004F007_5.tif,5,5.0,5.022495269775391,5.04469633102417,5.02425479888916,4.998617172241211,5
1575,BF8204M022_5.tif,5,5.0,4.933511257171631,4.980933666229248,4.845691680908203,4.9676947593688965,5
1576,BE9904F017_5.tif,5,5.0,5.033899784088135,5.04284143447876,5.048630237579346,5.011239528656006,5
1577,ChumBY13_17643_5306_169_363_5.tif,5,5.0,4.882911682128906,5.046940803527832,4.603601455688477,4.978403091430664,5
1578,Chum_SCL_2004_62_5.tif,5,5.0,4.927414417266846,4.907463073730469,4.906320571899414,4.967022895812988,5
1579,ChumBY18_22815_3896_191_1919_5.tif,5,5.0,5.082634449005127,5.03065299987793,5.234965801239014,4.993009090423584,5
1580,BE1104F007_5.tif,5,5.0,4.183128356933594,4.3156280517578125,4.257087707519531,3.9815921783447266,4
1581,BE0004M032_5.tif,5,5.0,5.014822006225586,5.01119327545166,5.027454376220703,5.006707191467285,5
1582,BE0104M018_5.tif,5,5.0,4.95252799987793,4.987701416015625,4.937057018280029,4.931682586669922,5
1583,KZ7904F020_5.tif,5,5.0,4.997187614440918,4.984787464141846,5.000760555267334,5.006286144256592,5
1584,BE0404M009_5.tif,5,5.0,4.995869159698486,5.003683567047119,4.998622894287109,4.985479831695557,5
1585,BE0104F021_5.tif,5,5.0,4.988033771514893,4.989810943603516,4.96407413482666,5.008541107177734,5
1586,KZ7904F002_5.tif,5,5.0,4.970711708068848,5.039369106292725,4.879495620727539,4.986780166625977,5
1587,KZ1304F017_5.tif,5,5.0,4.977205753326416,4.956913948059082,4.973747253417969,5.00075101852417,5
1588,BE1004M002_5.tif,5,5.0,4.898056507110596,4.9542765617370605,4.976268768310547,4.768981456756592,5
1589,ChumBY16_21128_3703_891_372_5.tif,5,5.0,4.982320785522461,5.083309650421143,4.932427883148193,4.927559852600098,5
1590,BF9504M003_5.tif,5,5.0,4.97409725189209,4.951779365539551,4.983654975891113,4.987565040588379,5
1591,ChumBY21_24937_4078_58_346_5.tif,5,5.0,4.158904075622559,4.384693622589111,4.132822036743164,3.9569685459136963,4
1592,CA0704F025_5.tif,5,5.0,5.124454975128174,5.086846351623535,5.312068462371826,4.987611293792725,5
1593,Chum_SCL_1991_24_5.tif,5,5.0,4.863711357116699,4.654128551483154,4.922258377075195,5.019211292266846,5
1594,ChumBY13_17630_5323_129_267_5.tif,5,5.0,5.0304999351501465,5.104074954986572,5.0357866287231445,4.951873779296875,5
1595,Chum_SCL_2001_171_5.tif,5,5.0,5.023751735687256,5.056894302368164,5.051511764526367,4.96472692489624,5
1596,BF9804M003_5.tif,5,5.0,5.029440879821777,5.010715961456299,5.092393398284912,4.989640712738037,5
1597,ChumBY16_21200_1607_612_61201_5.tif,5,5.0,4.187117099761963,4.191840648651123,4.200827598571777,4.169631481170654,4
1598,ChumBY12_15547_4078_43_6_5.tif,5,5.0,4.737064361572266,4.88320255279541,4.866776466369629,4.470003128051758,5
1599,ChumBY11_14318_4063_329_37_5.tif,5,5.0,4.803125381469727,5.009238243103027,4.372099876403809,4.997585296630859,5
1600,BE0304F004_5.tif,5,5.0,4.973605155944824,5.031094551086426,4.961932182312012,4.926870346069336,5
1601,Chum_SCL_1991_51_5.tif,5,5.0,5.155550956726074,5.195013523101807,5.293782711029053,4.987432956695557,5
1602,UN0804F008_5.tif,5,5.0,5.016611099243164,5.001550674438477,5.128662109375,4.927468299865723,5
1603,ChumBY19_23605_3870_317_1018_5.tif,5,5.0,4.973409652709961,5.006249904632568,4.892942428588867,5.015361785888672,5
1604,ChumBY20_24441_3671_375_5213_5.tif,5,5.0,4.268637657165527,4.251307487487793,4.562039375305176,4.013073444366455,4
1605,BE6804M007_5.tif,5,5.0,4.957979202270508,5.031966209411621,4.818190574645996,5.013891220092773,5
1606,BE9604F019_5.tif,5,5.0,4.530224323272705,4.691117763519287,4.435216903686523,4.457416534423828,5
1607,BE0104M032_5.tif,5,5.0,4.947003364562988,4.910547733306885,4.968657493591309,4.963382720947266,5
1608,ChumBY16_21392_3896_430_43005_5.tif,5,5.0,4.964594841003418,4.948895454406738,4.996416091918945,4.9507222175598145,5
1609,ChumBY19_23637_4063_350_89_5.tif,5,5.0,4.84889030456543,5.177756309509277,4.331805229187012,5.000428676605225,5
1610,UC9904F010_5.tif,5,5.0,5.014742851257324,5.057968616485596,4.974209785461426,5.009144306182861,5
1611,UN9904M032_5.tif,5,5.0,4.983060836791992,4.936161041259766,5.041209697723389,4.975955009460449,5
1612,UC9104M021_5.tif,5,5.0,4.942334175109863,4.84065580368042,5.028597354888916,4.963953018188477,5
1613,Chum_SCL_2001_220_5.tif,5,5.0,5.041582107543945,5.074011325836182,4.993186950683594,5.054111003875732,5
1614,BE1304M019_5.tif,5,5.0,5.0060343742370605,4.970265865325928,5.030171871185303,5.019413948059082,5
1615,ChumBY13_18060_5306_2_2_5.tif,5,5.0,4.843909740447998,4.878896713256836,5.195500373840332,4.481806755065918,5
1616,NS9204M026_5.tif,5,5.0,4.980415344238281,5.004911422729492,4.9409637451171875,4.9925737380981445,5
1617,BE7604M019_5.tif,5,5.0,5.041306972503662,5.038430213928223,5.106822967529297,4.983244895935059,5
1618,UN8604M024_5.tif,5,5.0,5.015840530395508,4.998528480529785,5.075892448425293,4.977322578430176,5
1619,UC9404M031_5.tif,5,5.0,5.147490501403809,5.265222072601318,5.190742492675781,4.989313125610352,5
1620,ChumBY16_21119_4055_415_41504_5.tif,5,5.0,4.736056327819824,4.779771327972412,4.713784217834473,4.712979316711426,5
1621,BE0904F018_5.tif,5,5.0,5.0123372077941895,4.9581756591796875,5.102874279022217,4.982378959655762,5
1622,ChumBY15_20208_5310_150_1392_5.tif,5,5.0,4.994391441345215,4.773889541625977,5.298680782318115,4.932238578796387,5
1623,Chum_SCL_1995_104229_101_5.tif,5,5.0,4.978395462036133,5.021213531494141,4.9494733810424805,4.962403297424316,5
1624,Chum_SCL_2001_28_5.tif,5,5.0,4.9472808837890625,4.971186637878418,4.892976760864258,4.9738450050354,5
1625,BE0604F022_5.tif,5,5.0,4.926716327667236,5.051767349243164,4.754868984222412,4.961294174194336,5
1626,QU8804M028_5.tif,5,5.0,4.992356300354004,4.983596324920654,5.000728607177734,4.993343830108643,5
1627,BE7004M005_5.tif,5,5.0,4.969429969787598,4.945158004760742,4.961403846740723,5.001211166381836,5
1628,ChumBY21_24921_5320_64_64110_5.tif,5,5.0,4.374210834503174,4.471762657165527,4.455840587615967,4.200550079345703,4
1629,NK9704F014_5.tif,5,5.0,4.957048416137695,4.970352649688721,4.93458366394043,4.964617729187012,5
1630,BE6904F012_5.tif,5,5.0,4.948529243469238,4.980489730834961,4.907358169555664,4.95481014251709,5
1631,BE7104F027_5.tif,5,5.0,5.023617744445801,4.975708484649658,5.105840682983398,4.995128631591797,5
1632,QU8104M013_5.tif,5,5.0,5.000702381134033,4.996517181396484,5.039694786071777,4.968624114990234,5
1633,ChumBY13_17527_5310_68_9_5.tif,5,5.0,5.035737037658691,5.087457656860352,5.001654624938965,5.015625953674316,5
1634,KZ0004M033_5.tif,5,5.0,4.98412561416626,5.080409526824951,4.985030174255371,4.886826515197754,5
1635,BE6904F003_5.tif,5,5.0,5.017457008361816,5.053201675415039,4.991995811462402,5.005331993103027,5
1636,ChumBY16_21407_5310_15_370_5.tif,5,5.0,5.146137237548828,5.289584636688232,5.124067306518555,5.022960186004639,5
1637,UN8304M023_5.tif,5,5.0,5.005256175994873,5.004141807556152,4.992644309997559,5.018104076385498,5
1638,UC9104M022_5.tif,5,5.0,5.019752025604248,5.08214807510376,4.984927177429199,4.98963737487793,5
1639,UC7104F009_5.tif,5,5.0,4.965576648712158,4.904507637023926,4.977345943450928,5.015808582305908,5
1640,ChumBY15_19762_3245_108_243_5.tif,5,5.0,4.109691619873047,4.182699680328369,4.120885848999023,4.026139259338379,4
1641,2022-CRAW-104-5_5.tif,5,5.0,4.307625770568848,4.0426483154296875,3.966362476348877,4.890527248382568,4
1642,BE6704M036_5.tif,5,5.0,5.016670227050781,5.042052745819092,5.008017063140869,4.99929141998291,5
1643,ChumBY19_23622_5310_17_197_5.tif,5,5.0,4.375524520874023,4.286722660064697,4.201355934143066,4.626500129699707,4
1644,BE0404F036_5.tif,5,5.0,4.982431411743164,4.997605323791504,4.959424018859863,4.9886322021484375,5
1645,Chum_SCL_2001_44_5.tif,5,5.0,4.9839043617248535,5.101071834564209,4.836291790008545,5.003836154937744,5
1646,BT8904F006_5.tif,5,5.0,4.994607925415039,4.9937357902526855,4.973175048828125,5.0154194831848145,5
1647,CA9704M001_5.tif,5,5.0,5.000062942504883,5.004940032958984,4.9892072677612305,5.005275249481201,5
1648,ChumBY18_22783_4063_211_211011_5.tif,5,5.0,5.060797214508057,5.126704692840576,5.030620574951172,5.022841453552246,5
1649,BT9904M023_5.tif,5,5.0,4.9943342208862305,5.004886150360107,4.970731735229492,5.005717754364014,5
1650,UN0504M041_5.tif,5,5.0,5.027482509613037,4.99057674407959,5.110723972320557,4.98702335357666,5
1651,ChumBY16_21407_5310_15_326_5.tif,5,5.0,5.054987907409668,5.216404914855957,5.01963996887207,4.926161766052246,5
1652,UN8304F019_5.tif,5,5.0,4.975211143493652,4.980586528778076,4.97131872177124,4.973446846008301,5
1653,BE0904F012_5.tif,5,5.0,4.990634918212891,5.043921947479248,4.920524597167969,5.002468585968018,5
1654,UC7404M018_5.tif,5,5.0,4.926906585693359,4.952425956726074,4.8459930419921875,4.976607322692871,5
1655,ChumBY11_14326_3896_302_12_5.tif,5,5.0,5.096315383911133,5.08204984664917,5.357677936553955,4.867484092712402,5
1656,Chum_SCL_2004_66_5.tif,5,5.0,4.991889953613281,5.018564224243164,4.980495452880859,4.975766181945801,5
1657,Chum_SCL_2001_49_5.tif,5,5.0,5.044938564300537,5.053706645965576,5.083560943603516,5.000227928161621,5
1658,UC7104M004_5.tif,5,5.0,4.998657703399658,4.93688440322876,5.04908561706543,5.013633728027344,5
1659,UN1304M021_5.tif,5,5.0,5.013071537017822,4.988473892211914,5.077889442443848,4.977419853210449,5
1660,BE7504M018_5.tif,5,5.0,4.992162704467773,5.000791549682617,4.967650413513184,5.006319999694824,5
1661,ChumBY19_23587_3671_267_67_5.tif,5,5.0,4.785057067871094,4.8326592445373535,4.547168731689453,4.958656311035156,5
1662,ChumBY15_20260_5323_9_4_5.tif,5,5.0,5.111669540405273,5.105615139007568,5.22794246673584,5.009576320648193,5
1663,NK9304M020_5.tif,5,5.0,5.025810241699219,4.9828410148620605,5.108062744140625,4.992343902587891,5
1664,BE0204F033_5.tif,5,5.0,4.943282127380371,4.9327216148376465,4.872657775878906,5.019556999206543,5
1665,UN0104F035_5.tif,5,5.0,4.912807941436768,4.872302055358887,4.880867004394531,4.983098030090332,5
1666,NK8504M020_5.tif,5,5.0,4.967798709869385,5.0034966468811035,4.892721176147461,5.001873970031738,5
1667,NS8604M018_5.tif,5,5.0,4.032438278198242,4.081676483154297,4.012000560760498,4.00212287902832,4
1668,BE0904M031_5.tif,5,5.0,5.001570701599121,4.983199119567871,5.041769027709961,4.982583045959473,5
1669,BE0604M024_5.tif,5,5.0,5.044345855712891,5.020285129547119,5.105842113494873,5.0112457275390625,5
1670,ChumBY19_23602_5320_53_5303_5.tif,5,5.0,4.120059013366699,4.561769485473633,3.728963851928711,4.041351318359375,4
1671,CA0204F024_5.tif,5,5.0,4.986288070678711,4.958095073699951,5.001200199127197,5.000660419464111,5
1672,ChumBY14_19413_4078_119_246_5.tif,5,5.0,4.881080627441406,4.964591026306152,4.922453880310059,4.758934020996094,5
1673,ChumBY16_21407_5310_15_402_5.tif,5,5.0,4.576636791229248,4.274749279022217,4.699435234069824,4.764841079711914,5
1674,BT8304F005_5.tif,5,5.0,5.021578788757324,5.047995090484619,5.042006969451904,4.97611141204834,5
1675,NK0204M014_5.tif,5,5.0,4.957127571105957,4.955361366271973,4.937831878662109,4.976846694946289,5
1676,NS6704M001_5.tif,5,5.0,4.843301296234131,5.027378082275391,4.830760478973389,4.670557975769043,5
1677,ChumBY18_22797_1607_374_37402_5.tif,5,5.0,4.941065788269043,5.157496929168701,5.089975833892822,4.585726737976074,5
1678,KZ8504F029_5.tif,5,5.0,4.99886417388916,4.990690231323242,5.033050060272217,4.9752516746521,5
1679,NK8104F012_5.tif,5,5.0,5.042062759399414,5.02509880065918,5.093001842498779,5.0116729736328125,5
1680,BT8704M003_5.tif,5,5.0,5.109717845916748,5.254203796386719,5.077271461486816,4.995152473449707,5
1681,BE7504M020_5.tif,5,5.0,4.987794876098633,4.9963483810424805,4.973852157592773,4.992196559906006,5
1682,ChumBY18_22741_5306_63_182_5.tif,5,5.0,4.9309492111206055,4.844127655029297,4.997979164123535,4.955575942993164,5
1683,BE0404F049_5.tif,5,5.0,5.02095890045166,5.008256912231445,5.059641361236572,4.9977006912231445,5
1684,ChumBY12_15552_5306_15_6_5.tif,5,5.0,4.335782527923584,4.136373519897461,4.264443397521973,4.601911544799805,4
1685,BE1104F017_5.tif,5,5.0,5.001492977142334,4.950222969055176,5.044116020202637,5.01320743560791,5
1686,KZ8704M025_5.tif,5,5.0,4.985465049743652,5.0056915283203125,4.898221969604492,5.046356201171875,5
1687,BE0904M033_5.tif,5,5.0,4.9555463790893555,5.007767200469971,4.875663757324219,4.9775390625,5
1688,NK9204M001_5.tif,5,5.0,4.822207450866699,4.755979537963867,4.743802070617676,4.961488723754883,5
1689,UN8304M032_5.tif,5,5.0,4.095020294189453,4.159067153930664,4.097045421600342,4.028973579406738,4
1690,BE6904M011_5.tif,5,5.0,4.74335241317749,4.914373397827148,4.858564853668213,4.464850425720215,5
1691,NS0504M030_5.tif,5,5.0,5.008290767669678,5.037907600402832,4.954993724822998,5.0281982421875,5
1692,Chum_SCL_1992_01_5.tif,5,5.0,5.020392417907715,5.078866958618164,4.945689678192139,5.031302452087402,5
1693,BE1004F014_5.tif,5,5.0,4.930042266845703,5.011070251464844,5.024740695953369,4.760779857635498,5
1694,Chum_SCL_1991_74_5.tif,5,5.0,5.0599775314331055,4.949220657348633,4.984095573425293,5.24152135848999,5
1695,UC9604F015_5.tif,5,5.0,4.9955620765686035,4.869427680969238,5.103233337402344,5.0217671394348145,5
1696,Chum_SCL_2001_197_5.tif,5,5.0,5.005665302276611,4.855687618255615,5.251070022583008,4.927636623382568,5
1697,BE0504M025_5.tif,5,5.0,4.983266353607178,4.9691667556762695,5.002769470214844,4.979249000549316,5
1698,BE7004M025_5.tif,5,5.0,4.99598503112793,4.980007171630859,4.9953508377075195,5.012580871582031,5
1699,BE7204M024_5.tif,5,5.0,5.020075798034668,4.973978519439697,5.065221786499023,5.024260520935059,5
1700,UC8804M008_5.tif,5,5.0,5.019252300262451,5.01587438583374,5.050627708435059,4.993451118469238,5
1701,NK7704M023_5.tif,5,5.0,5.006507396697998,4.9607038497924805,5.047361373901367,5.014390468597412,5
1702,UN8904F004_5.tif,5,5.0,4.991898536682129,5.001621246337891,4.9863739013671875,4.987297058105469,5
1703,BE0204M012_5.tif,5,5.0,4.978309154510498,4.9855194091796875,4.970975875854492,4.977907180786133,5
1704,UN8404M026_5.tif,5,5.0,4.993832111358643,4.990851402282715,5.004815578460693,4.986600875854492,5
1705,BE6704F028_5.tif,5,5.0,4.995563507080078,5.011134624481201,4.962091445922852,5.011099815368652,5
1706,ChumBY19_23536_5306_143_996_5.tif,5,5.0,4.840924263000488,4.705886363983154,4.946250915527344,4.878231048583984,5
1707,BE6804F004_5.tif,5,5.0,4.955122470855713,5.009698867797852,4.868799209594727,4.980746269226074,5
1708,ChumBY17_21938_5320_44_97_5.tif,5,5.0,5.004374980926514,5.111242294311523,4.862979888916016,5.028841495513916,5
1709,BE7304F001_5.tif,5,5.0,4.708838939666748,4.637927055358887,4.677977561950684,4.808585166931152,5
1710,BE6704M019_5.tif,5,5.0,5.055625915527344,5.068769931793213,5.11229944229126,4.98974084854126,5
1711,ChumBY17_21979_3396_301_183_5.tif,5,5.0,4.869640350341797,4.999566078186035,4.678544998168945,4.917238235473633,5
1712,BT0904M012_5.tif,5,5.0,4.020754814147949,4.032954216003418,4.028876304626465,4.000979423522949,4
1713,CA8804F032_5.tif,5,5.0,5.024619102478027,5.034677028656006,5.0344343185424805,5.00541353225708,5
1714,BE1104F022_5.tif,5,5.0,5.0149760246276855,5.0240254402160645,5.05842924118042,4.965489387512207,5
1715,NS7604F010_5.tif,5,5.0,5.001681327819824,4.978943824768066,5.0686564445495605,4.962159156799316,5
1716,BE7704M028_5.tif,5,5.0,4.984946250915527,5.0240583419799805,4.923297882080078,5.003108501434326,5
1717,BE0004M036_5.tif,5,5.0,4.985134124755859,4.9256486892700195,5.039973735809326,4.993713855743408,5
1718,BE7204F013_5.tif,5,5.0,4.980974197387695,4.907358169555664,5.033651828765869,5.0057220458984375,5
1719,ChumBY12_15756_5306_90_19_5.tif,5,5.0,5.25718355178833,5.716509819030762,5.137966156005859,4.907926082611084,5
1720,BE8104F027_5.tif,5,5.0,5.022853851318359,4.979744911193848,5.104780197143555,4.989831924438477,5
1721,UC7104F010_5.tif,5,5.0,5.054271221160889,5.032558441162109,5.110706806182861,5.023526191711426,5
1722,NS8804F016_5.tif,5,5.0,5.03825569152832,5.04927921295166,5.110891342163086,4.9596452713012695,5
1723,ChumBY21_24921_5320_65_6563_5.tif,5,5.0,4.494953155517578,4.322421550750732,4.671993255615234,4.50311279296875,4
1724,ChumBY16_21184_3261_366_553_5.tif,5,5.0,4.855661392211914,4.896121978759766,4.800830841064453,4.866131782531738,5
1725,UC8204F001_5.tif,5,5.0,5.022674560546875,5.076093673706055,4.980032920837402,5.008824348449707,5
1726,Chum_SCL_1995_104229_114_5.tif,5,5.0,5.0262861251831055,5.054065227508545,5.049721717834473,4.976656913757324,5
1727,BE0004F012_5.tif,5,5.0,4.81265115737915,4.962225437164307,4.799825668334961,4.674737930297852,5
1728,ChumBY14_19411_3671_256_152_5.tif,5,5.0,3.3113555908203125,3.2018630504608154,3.05792498588562,3.656789541244507,3
1729,QU7404F023_5.tif,5,5.0,4.9794697761535645,4.979486465454102,4.978244781494141,4.980592727661133,5
1730,UN9404M023_5.tif,5,5.0,5.141384601593018,5.380452632904053,5.0337724685668945,5.001986503601074,5
1731,Chum_SCL_1991_72_5.tif,5,5.0,5.051063537597656,5.134454727172852,4.820950508117676,5.181574821472168,5
1732,ChumBY19_23610_5306_104_400_5.tif,5,5.0,4.947576999664307,4.974222183227539,4.846863746643066,5.014567852020264,5
1733,2022-CRAW-113-5_5.tif,5,5.0,4.83678674697876,4.960953712463379,4.705254554748535,4.834747791290283,5
1734,QU9404M001_5.tif,5,5.0,4.950870513916016,4.954544544219971,4.90809440612793,4.986981391906738,5
1735,UN8704M003_5.tif,5,5.0,4.975233554840088,4.962259292602539,4.997733116149902,4.967302322387695,5
1736,Chum_SCL_1991_41_5.tif,5,5.0,5.3120222091674805,5.491482257843018,5.44918966293335,5.00464391708374,5
1737,Chum_SCL_2001_57_5.tif,5,5.0,5.056029319763184,5.069147109985352,5.122246742248535,4.981292724609375,5
1738,ChumBY18_22798_5320_46_286_5.tif,5,5.0,4.1352996826171875,4.204080581665039,4.162242412567139,4.041332244873047,4
1739,QU6904M008_5.tif,5,5.0,4.983959197998047,5.008220195770264,4.980297088623047,4.963061332702637,5
1740,BE1004M001_5.tif,5,5.0,4.950207710266113,4.993714809417725,4.930578708648682,4.924881935119629,5
1741,BE8104F025_5.tif,5,5.0,5.0347065925598145,5.034444332122803,5.064229965209961,5.007506370544434,5
1742,ChumBY17_21990_3794_267_367_5.tif,5,5.0,4.982327461242676,5.010170936584473,4.898351669311523,5.032548904418945,5
1743,ChumBY15_20321_4055_188_7_5.tif,5,5.0,5.038257598876953,5.169517517089844,4.838445663452148,5.09262752532959,5
1744,Chum_SCL_1995_104229_38_5.tif,5,5.0,5.119498252868652,5.236557483673096,5.113883018493652,5.00745153427124,5
1745,ChumBY18_22797_1607_417_41702_5.tif,5,5.0,4.626205921173096,4.923703670501709,4.693521976470947,4.2655534744262695,5
1746,BE7504F025_5.tif,5,5.0,4.955356597900391,4.974050521850586,4.913146018981934,4.975894927978516,5
1747,KZ0604M025_5.tif,5,5.0,4.869346618652344,4.708642482757568,4.901183128356934,5.000725746154785,5
1748,BE8604F004_5.tif,5,5.0,5.000434398651123,4.974301815032959,5.022910118103027,5.005707263946533,5
1749,ChumBY21_25088_2943_382_38209_5.tif,5,5.0,3.2976832389831543,3.4630157947540283,3.2574880123138428,3.1694419384002686,3
1750,Chum_SCL_1995_104229_71_5.tif,5,5.0,5.134707927703857,5.559529781341553,4.775798797607422,5.042980670928955,5
1751,Chum_SCL_1991_65_5.tif,5,5.0,5.100728988647461,5.1375532150268555,5.16582727432251,5.003283500671387,5
1752,Chum_SCL_1992_07_5.tif,5,5.0,4.467073917388916,4.8673882484436035,4.376662254333496,4.150138854980469,4
1753,BE7404F010_5.tif,5,5.0,4.999621868133545,5.008749008178711,4.987966060638428,5.001320838928223,5
1754,Chum_SCL_2001_225_5.tif,5,5.0,4.941035747528076,5.053962707519531,4.769013404846191,4.987921714782715,5
1755,BE7104F005_5.tif,5,5.0,4.981703281402588,5.005481719970703,4.9438090324401855,4.993131160736084,5
1756,BE1004F024_5.tif,5,5.0,4.85139274597168,4.994966983795166,4.749347686767578,4.802482604980469,5
1757,ChumBY13_17630_5323_79_90_5.tif,5,5.0,4.942110538482666,4.979005813598633,4.8971452713012695,4.9469757080078125,5
1758,BT8904M027_5.tif,5,5.0,5.015576362609863,4.9865617752075195,5.058831214904785,5.004406452178955,5
1759,Chum_SCL_1995_104229_120_5.tif,5,5.0,4.992269992828369,5.07172155380249,4.893063545227051,5.004957675933838,5
1760,BE0804F026_5.tif,5,5.0,4.92626953125,4.926219463348389,5.037304878234863,4.823033332824707,5
1761,CA9604F004_5.tif,5,5.0,5.011256694793701,5.037891387939453,4.9804229736328125,5.0132551193237305,5
1762,Chum_SCL_1991_32_5.tif,5,5.0,5.3162126541137695,5.630856037139893,5.332000732421875,4.986315727233887,5
1763,UC7504M004_5.tif,5,5.0,4.052623748779297,3.934098482131958,4.213796615600586,4.021437644958496,4
1764,KZ9804F012_5.tif,5,5.0,4.967571258544922,4.977889537811279,4.9158616065979,5.005334377288818,5
1765,BT7804M004_5.tif,5,5.0,4.304164886474609,4.4377899169921875,4.510106563568115,3.9787304401397705,4
1766,BE0804F007_5.tif,5,5.0,4.237128734588623,4.341504096984863,4.376672744750977,4.00275993347168,4
1767,BE0104F004_5.tif,5,5.0,5.0202956199646,5.04818868637085,5.007785320281982,5.003989219665527,5
1768,Chum_SCL_2002_85_5.tif,5,5.0,3.6545443534851074,3.9840691089630127,3.1970529556274414,3.749987840652466,4
1769,ChumBY15_20324_3896_277_126_5.tif,5,5.0,5.673564910888672,5.955708980560303,5.57914400100708,5.478743553161621,6
1770,ChumBY11_14262_5306_99_275_5.tif,5,5.0,4.956570625305176,5.4932050704956055,4.628968715667725,4.723706245422363,5
1771,UN8804M007_5.tif,5,5.0,5.014253616333008,4.953390598297119,5.082026481628418,5.01218318939209,5
1772,Chum_SCL_2001_79_5.tif,5,5.0,5.02203893661499,5.088929653167725,5.007249355316162,4.968784332275391,5
1773,CA9904M008_5.tif,5,5.0,4.967077255249023,4.975946426391602,4.9722113609313965,4.953415870666504,5
1774,ChumBY16_21182_3896_340_34003_5.tif,5,5.0,4.554133892059326,4.85109806060791,4.393761157989502,4.405814170837402,5
1775,UN7804F025_5.tif,5,5.0,4.93543815612793,4.9729695320129395,4.839351654052734,4.987220764160156,5
1776,BE0004F013_5.tif,5,5.0,4.97223424911499,4.9553680419921875,4.987302780151367,4.975113868713379,5
1777,ChumBY16_21128_3703_946_539_5.tif,5,5.0,5.013462066650391,5.069709300994873,4.96540641784668,5.001815319061279,5
1778,UN1004M023_5.tif,5,5.0,4.9652862548828125,5.004910945892334,4.9177141189575195,4.969841003417969,5
1779,NK8004M022_5.tif,5,5.0,4.864973068237305,4.80798864364624,4.826789855957031,4.957579612731934,5
1780,ChumBY20_24353_5306_537_2391_5.tif,5,5.0,4.988039970397949,5.032881736755371,4.976706504821777,4.953660011291504,5
1781,BE1104F026_5.tif,5,5.0,4.988251209259033,4.975707054138184,5.057050704956055,4.936820030212402,5
1782,Chum_SCL_1995_104229_28_5.tif,5,5.0,5.013300895690918,5.079160690307617,4.959526062011719,4.997344970703125,5
1783,ChumBY14_19542_3261_495_186_5.tif,5,5.0,5.016732692718506,4.993117332458496,5.101159572601318,4.961855888366699,5
1784,UC9604M024_5.tif,5,5.0,5.003475189208984,5.005051136016846,4.9934492111206055,5.011222839355469,5
1785,ChumBY19_23628_5306_85_297_5.tif,5,5.0,4.647348403930664,4.194749355316162,4.9220099449157715,4.845272064208984,5
1786,NS8604M016_5.tif,5,5.0,4.999247074127197,4.996152400970459,5.022367000579834,4.980840682983398,5
1787,BE0604F016_5.tif,5,5.0,4.954235553741455,5.002957820892334,4.890609264373779,4.964611053466797,5
1788,BT1004F024_5.tif,5,5.0,5.038710117340088,4.997258186340332,5.163719654083252,4.963951110839844,5
1789,Chum_SCL_1995_104229_113_5.tif,5,5.0,5.075011253356934,5.196365833282471,5.025215148925781,4.999758720397949,5
1790,ChumBY16_21138_3357_259_1008_5.tif,5,5.0,5.197083473205566,5.32189416885376,5.404045581817627,4.879528999328613,5
1791,ChumBY15_19857_3671_114_224_5.tif,5,5.0,3.7285001277923584,3.747697353363037,3.4050748348236084,4.0101213455200195,4
1792,NK9104M003_5.tif,5,5.0,4.955439567565918,4.953013896942139,4.899693489074707,5.0097246170043945,5
1793,BE0204F024_5.tif,5,5.0,4.997788429260254,4.970455169677734,4.994892120361328,5.027865409851074,5
1794,BE0004F030_5.tif,5,5.0,4.973361015319824,4.921168327331543,5.034319877624512,4.968942642211914,5
1795,BF0104F004_5.tif,5,5.0,4.999627113342285,4.955987930297852,5.09527587890625,4.954371452331543,5
1796,ChumBY19_23470_2943_289_37_5.tif,5,5.0,4.040244102478027,4.036382675170898,4.041932106018066,4.042543411254883,4
1797,UC9704F019_5.tif,5,5.0,4.989373207092285,5.048664569854736,4.916592597961426,4.997675895690918,5
1798,NK8704M017_5.tif,5,5.0,4.85251522064209,4.4439802169799805,6.166548728942871,4.039461135864258,5
1799,BF7804F015_5.tif,5,5.0,4.969441890716553,4.966264724731445,4.996720314025879,4.9472503662109375,5
1800,BE7304F006_5.tif,5,5.0,4.990698337554932,4.956148147583008,5.0241241455078125,4.994217872619629,5
1801,KZ8704F027_5.tif,5,5.0,4.999859809875488,5.065658092498779,4.93578577041626,4.9935455322265625,5
1802,BF7704M002_5.tif,5,5.0,4.521090507507324,4.422369003295898,4.216835975646973,4.903009414672852,5
1803,NK7604F024_5.tif,5,5.0,5.000115394592285,5.032513618469238,4.964014053344727,5.001241207122803,5
1804,Chum_SCL_1995_104229_18_5.tif,5,5.0,5.023043632507324,5.184769153594971,4.904114723205566,4.971654415130615,5
1805,UN0004F048_5.tif,5,5.0,5.028608322143555,4.997819423675537,5.094273567199707,4.998369216918945,5
1806,KZ0904M008_5.tif,5,5.0,4.960294723510742,4.923324108123779,4.954380989074707,5.002833843231201,5
1807,BF0704F012_5.tif,5,5.0,5.025557518005371,5.011398792266846,5.065512180328369,5.002575397491455,5
1808,BE0204M026_5.tif,5,5.0,4.98199462890625,4.954920768737793,5.08450174331665,4.913764953613281,5
1809,NK8304F024_5.tif,5,5.0,5.018470287322998,4.99137544631958,5.050163745880127,5.016132354736328,5
1810,CA8704M012_5.tif,5,5.0,4.961426734924316,4.971873760223389,4.9248456954956055,4.984989166259766,5
1811,ChumBY12_16121_5306_98_58_5.tif,5,5.0,4.075010299682617,4.42397403717041,3.8005871772766113,3.9806883335113525,4
1812,BT8904M011_5.tif,5,5.0,4.994421005249023,4.955803394317627,5.003028869628906,5.0251007080078125,5
1813,ChumBY18_22819_5323_49_430_5.tif,5,5.0,4.787744045257568,4.843600273132324,4.791003227233887,4.728755474090576,5
1814,NK0604F008_5.tif,5,5.0,4.9930949211120605,4.926174640655518,5.082580089569092,4.976896286010742,5
1815,BE0504M006_5.tif,5,5.0,4.981515884399414,4.947990417480469,5.05964469909668,4.942425727844238,5
1816,UN9004M018_5.tif,5,5.0,5.019869804382324,5.074122428894043,4.999757766723633,4.984228134155273,5
1817,BT0604M008_5.tif,5,5.0,4.957208633422852,4.947861671447754,4.933513641357422,4.988613128662109,5
1818,ChumBY16_21167_5310_160_1212_5.tif,5,5.0,5.013945579528809,4.999204635620117,5.021457672119141,5.021724224090576,5
1819,ChumBY19_23622_5310_14_141_5.tif,5,5.0,4.989413738250732,4.9414963722229,5.007379531860352,5.020705699920654,5
1820,BE6504M008_5.tif,5,5.0,5.020168781280518,5.010891914367676,5.04095983505249,5.010122299194336,5
1821,BT8804M021_5.tif,5,5.0,4.976278781890869,4.906489372253418,5.025629997253418,5.0002875328063965,5
1822,UN0504M048_5.tif,5,5.0,4.564925193786621,4.479255199432373,4.910254001617432,4.329522132873535,5
1823,KZ9404M028_5.tif,5,5.0,5.008701801300049,5.00136137008667,5.041582107543945,4.985469818115234,5
1824,UC7304M004_5.tif,5,5.0,5.178610324859619,5.569369316101074,4.985955238342285,4.96635627746582,5
1825,NK8804M002_5.tif,5,5.0,4.975905418395996,5.043102741241455,4.982591152191162,4.902368068695068,5
1826,BE0204F018_5.tif,5,5.0,5.030316352844238,5.024141311645508,5.0597758293151855,5.009099006652832,5
1827,Chum_SCL_2001_23_5.tif,5,5.0,5.028634548187256,5.114828586578369,4.994497299194336,4.974039077758789,5
1828,Chum_SCL_1991_60_5.tif,5,5.0,5.069514751434326,5.0621256828308105,5.170798301696777,4.98270320892334,5
1829,BE9004M011_5.tif,5,5.0,5.011739730834961,5.004179000854492,5.017964839935303,5.013524055480957,5
1830,ChumBY21_24921_5320_66_66119_5.tif,5,5.0,4.491932392120361,4.818220615386963,4.178318500518799,4.456782341003418,4
1831,UN7604F014_5.tif,5,5.0,4.859498023986816,4.809545040130615,4.838634490966797,4.928948402404785,5
1832,Chum_SCL_2001_12_5.tif,5,5.0,4.943893909454346,5.007981777191162,4.840618133544922,4.9757585525512695,5
1833,ChumBY21_25032_2943_248_24813_5.tif,5,5.0,3.7013425827026367,4.224332809448242,3.602315902709961,3.269524097442627,4
1834,ChumBY14_19372_5306_36_15_5.tif,5,5.0,5.0137786865234375,4.993218421936035,5.030099391937256,5.019193649291992,5
1835,BE1204M022_5.tif,5,5.0,4.9767608642578125,4.937774181365967,5.000417232513428,4.99381160736084,5
1836,ChumBY13_18060_5306_235_653_5.tif,5,5.0,4.880387306213379,5.05345344543457,4.78849983215332,4.792483329772949,5
1837,UN0404M074_5.tif,5,5.0,4.980219841003418,4.966104507446289,5.044823169708252,4.934266090393066,5
1838,BE0104M025_5.tif,5,5.0,5.003470420837402,4.962296485900879,5.052214622497559,4.999377250671387,5
1839,UC7604M008_5.tif,5,5.0,4.9351043701171875,4.89046573638916,4.904150009155273,5.008617401123047,5
1840,ChumBY11_14262_5306_38_67_5.tif,5,5.0,4.995143890380859,5.022047996520996,4.987118721008301,4.975656509399414,5
1841,BE6904M022_5.tif,5,5.0,4.720340728759766,4.8978962898254395,4.441211700439453,4.8021135330200195,5
1842,BE1204M007_5.tif,5,5.0,5.007691383361816,4.973160743713379,5.069411754608154,4.9848713874816895,5
1843,KZ9004F024_5.tif,5,5.0,5.015280723571777,5.067452907562256,4.998257637023926,4.978849411010742,5
1844,QU9104F015_5.tif,5,5.0,4.018471717834473,4.0247368812561035,4.00044059753418,4.02896785736084,4
1845,UC9104M013_5.tif,5,5.0,4.994905471801758,4.952523231506348,5.040121078491211,4.995304107666016,5
1846,NS8104M005_5.tif,5,5.0,5.019854545593262,5.009451866149902,5.068741798400879,4.984800338745117,5
1847,NS7104M022_5.tif,5,5.0,4.951499938964844,4.932180404663086,4.925292015075684,4.995232582092285,5
1848,BE0104F035_5.tif,5,5.0,5.004591941833496,5.017786979675293,4.991285800933838,5.003750324249268,5
1849,Chum_SCL_1995_104229_70_5.tif,5,5.0,4.996969699859619,4.975516319274902,4.997376441955566,5.018082618713379,5
1850,2022-CRAW-110-9_5.tif,5,5.0,4.290566444396973,4.722626686096191,4.174386978149414,3.9657976627349854,4
1851,BE7104F022_5.tif,5,5.0,4.958559989929199,4.96564245223999,4.9132280349731445,4.9936323165893555,5
1852,ChumBY17_22040_3442_296_29613_5.tif,5,5.0,5.232056617736816,5.41025972366333,5.300851345062256,4.989538192749023,5
1853,ChumBY18_22764_3794_231_153_5.tif,5,5.0,4.982034683227539,4.960641860961914,5.089506149291992,4.903494834899902,5
1854,QU0404M017_5.tif,5,5.0,4.962124824523926,4.884378433227539,5.0049357414245605,5.000189304351807,5
1855,BE7104F026_5.tif,5,5.0,4.957765102386475,5.028172492980957,4.914219856262207,4.927737236022949,5
1856,CA0204F020_5.tif,5,5.0,5.018336296081543,5.04429292678833,5.013160705566406,4.9971466064453125,5
1857,NS9604M004_5.tif,5,5.0,4.985047340393066,4.941789150238037,5.0210652351379395,4.994878768920898,5
1858,UN0204M032_5.tif,5,5.0,4.928135395050049,4.958260536193848,4.790107727050781,5.026350498199463,5
1859,NS9304F023_5.tif,5,5.0,5.042366981506348,5.077978134155273,5.054257869720459,4.995630264282227,5
1860,BE6704F011_5.tif,5,5.0,4.937068939208984,4.985007286071777,4.842998504638672,4.97654914855957,5
1861,BE1304F034_5.tif,5,5.0,4.96907901763916,5.023305416107178,4.875407695770264,5.001888751983643,5
1862,BE7004M019_5.tif,5,5.0,4.985475540161133,5.016704559326172,4.934457778930664,5.001646995544434,5
1863,BE7604F027_5.tif,5,5.0,4.9966511726379395,4.9911699295043945,5.0166401863098145,4.983548164367676,5
1864,KZ0204M004_5.tif,5,5.0,4.961141109466553,5.031263828277588,4.906000137329102,4.9421844482421875,5
1865,Chum_SCL_1992_10_5.tif,5,5.0,4.7819952964782715,4.693079948425293,4.658116340637207,4.98630428314209,5
1866,BT9304M018_5.tif,5,5.0,4.987636566162109,4.939728736877441,5.031014919281006,4.995279788970947,5
1867,BT8104M002_5.tif,5,5.0,4.986884117126465,4.991110801696777,4.979008674621582,4.9899749755859375,5
1868,KZ9704M028_5.tif,5,5.0,4.834808349609375,4.91538143157959,4.903836727142334,4.689878463745117,5
1869,ChumBY15_20401_5323_15_98_5.tif,5,5.0,4.310634613037109,4.237175941467285,4.375019073486328,4.324335098266602,4
1870,ChumBY16_21138_3357_226_1004_5.tif,5,5.0,4.985254287719727,4.9642109870910645,5.0624494552612305,4.934527397155762,5
1871,BE8104M026_5.tif,5,5.0,4.991311073303223,5.020381927490234,4.954309940338135,4.996606826782227,5
1872,NS8004M024_5.tif,5,5.0,4.092106342315674,4.074926853179932,4.196372985839844,4.012326717376709,4
1873,2022-DI-105-89_5.tif,5,5.0,4.008254528045654,3.9825546741485596,4.053249359130859,3.9921457767486572,4
1874,ChumBY17_22040_3442_209_20926_5.tif,5,5.0,4.985662937164307,5.022649765014648,5.056909084320068,4.8823347091674805,5
1875,BE0904F029_5.tif,5,5.0,4.999656677246094,5.031837463378906,4.98099422454834,4.984777927398682,5
1876,BE9104M024_5.tif,5,5.0,5.023990631103516,5.015156269073486,5.036864280700684,5.0208659172058105,5
1877,KZ1004F006_5.tif,5,5.0,4.71237850189209,4.882813453674316,4.446402549743652,4.78904914855957,5
1878,BF0604M003_5.tif,5,5.0,5.024448394775391,5.07008171081543,5.011373996734619,4.990894794464111,5
1879,BF8804F001_5.tif,5,5.0,4.69210958480835,4.911537170410156,4.652447700500488,4.509180068969727,5
1880,ChumBY18_22735_3703_641_64102_5.tif,5,5.0,4.977383136749268,5.011127471923828,4.932114601135254,4.985687255859375,5
1881,Chum_SCL_1995_104229_67_5.tif,5,5.0,5.0115156173706055,5.0373358726501465,4.983066558837891,5.012111663818359,5
1882,BE6904M023_5.tif,5,5.0,4.9202880859375,4.932696342468262,4.919222831726074,4.908848285675049,5
1883,NS0404M037_5.tif,5,5.0,4.776458740234375,4.703224182128906,4.890748500823975,4.74351167678833,5
1884,BT9704M031_5.tif,5,5.0,5.00982141494751,4.976755142211914,5.046715259552002,5.008628845214844,5
1885,NK7704M009_5.tif,5,5.0,5.009143829345703,5.018981456756592,5.049018383026123,4.962196350097656,5
1886,ChumBY21_24983_5306_183_1498_5.tif,5,5.0,4.513940811157227,4.475741863250732,4.534286022186279,4.533282279968262,5
1887,BE0004M004_5.tif,5,5.0,5.011736869812012,4.921672821044922,5.101756572723389,5.018226146697998,5
1888,ChumBY21_24921_5320_64_6458_5.tif,5,5.0,4.067750930786133,4.213212013244629,3.961423635482788,4.020933628082275,4
1889,BE6704F049_5.tif,5,5.0,4.966273307800293,4.9587507247924805,4.970439910888672,4.96993350982666,5
1890,UN9704M019_5.tif,5,5.0,5.007892608642578,4.929130554199219,5.0949225425720215,5.005839824676514,5
1891,BE0004F022_5.tif,5,5.0,4.91849422454834,4.964029788970947,4.833279609680176,4.952144622802734,5
1892,BE6704M030_5.tif,5,5.0,4.99933385848999,4.998726844787598,4.988598346710205,5.009927749633789,5
1893,ChumBY18_22798_5320_74_568_5.tif,5,5.0,4.463239669799805,4.311794281005859,4.162017822265625,4.895157814025879,4
1894,BE6704M010_5.tif,5,5.0,4.937702655792236,4.983042240142822,4.828588485717773,4.993781089782715,5
1895,BE0104M021_5.tif,5,5.0,4.968067646026611,4.954669952392578,4.959592819213867,4.989373207092285,5
1896,BE0704M006_5.tif,5,5.0,4.922176361083984,4.919862270355225,4.936642646789551,4.911038398742676,5
1897,ChumBY21_25019_3442_269_26905_5.tif,5,5.0,4.960114479064941,5.037779331207275,4.8890790939331055,4.94838809967041,5
1898,BE1304F016_5.tif,5,5.0,4.823419094085693,4.761264801025391,4.757325172424316,4.947166442871094,5
1899,KZ7804M002_5.tif,5,5.0,4.993188381195068,4.99604606628418,5.000865936279297,4.98318338394165,5
1900,UN9604M011_5.tif,5,5.0,4.967511177062988,4.958688259124756,4.940055847167969,5.001889228820801,5
1901,2022-HF-108-92_5.tif,5,5.0,5.001623153686523,5.182856559753418,4.848027229309082,4.962939262390137,5
1902,ChumBY14_19372_5306_118_59_5.tif,5,5.0,5.0523529052734375,5.037284851074219,5.170540809631348,4.957508087158203,5
1903,BE6804F022_5.tif,5,5.0,5.034097671508789,5.062404632568359,5.020106315612793,5.018753528594971,5
1904,BE0404M008_5.tif,5,5.0,4.99207067489624,4.943530082702637,5.060225486755371,4.977300643920898,5
1905,KZ8904F006_5.tif,5,5.0,4.981389999389648,5.024418830871582,4.948404312133789,4.968966484069824,5
1906,UC9504F022_5.tif,5,5.0,4.9544878005981445,4.9402570724487305,4.921876907348633,4.999079704284668,5
1907,BT9704F034_5.tif,5,5.0,4.98283052444458,5.022137641906738,4.956642150878906,4.967813491821289,5
1908,ChumBY13_17760_5320_97_103_5.tif,5,5.0,5.07511043548584,5.269126892089844,4.947688102722168,4.999273300170898,5
1909,UC9004F010_5.tif,5,5.0,4.797702789306641,4.974371910095215,4.4825334548950195,4.913888931274414,5
1910,QU9304M030_5.tif,5,5.0,5.009408473968506,4.984526634216309,5.027158737182617,5.017823696136475,5
1911,UN0904M019_5.tif,5,5.0,5.024919033050537,4.977076053619385,5.105966091156006,4.997457504272461,5
1912,BE7504M024_5.tif,5,5.0,4.956247806549072,4.984200954437256,4.887109756469727,4.992557525634766,5
1913,Chum_SCL_1995_104229_58_5.tif,5,5.0,4.9523773193359375,5.024389743804932,4.82870626449585,4.995273590087891,5
1914,QU9404M012_5.tif,5,5.0,5.000912666320801,5.030050754547119,4.96884822845459,5.0015482902526855,5
1915,ChumBY16_21167_5310_102_203_5.tif,5,5.0,4.746949195861816,4.616493225097656,4.678910255432129,4.940930366516113,5
1916,Chum_SCL_2001_125_5.tif,5,5.0,4.982424259185791,5.084272384643555,4.939410209655762,4.920404434204102,5
1917,BE0304M026_5.tif,5,5.0,4.956014633178711,5.016031265258789,4.849234104156494,4.995217323303223,5
1918,ChumBY12_15577_3442_204_1_5.tif,5,5.0,4.612546920776367,4.580312728881836,4.711095333099365,4.553168296813965,5
1919,BE7404F015_5.tif,5,5.0,4.957109451293945,4.953312873840332,4.947566986083984,4.969789505004883,5
1920,UC0004M004_5.tif,5,5.0,4.981631278991699,4.98409366607666,4.9617767333984375,4.99763298034668,5
1921,BE7504M023_5.tif,5,5.0,5.002832412719727,5.05626916885376,4.992476463317871,4.958931922912598,5
1922,ChumBY17_22006_4063_364_36412_5.tif,5,5.0,5.066695690155029,4.837546348571777,5.3310747146606445,5.050330638885498,5
1923,ChumBY13_17981_5310_9_6_5.tif,5,5.0,5.000123977661133,5.140937328338623,4.88741397857666,4.963899612426758,5
1924,ChumBY19_23669_3414_459_45945_5.tif,5,5.0,4.942923069000244,4.980205059051514,4.982084274291992,4.869145393371582,5
1925,KZ6604F005_5.tif,5,5.0,5.021562099456787,5.136154651641846,4.901300430297852,5.018631458282471,5
1926,UN8404M030_5.tif,5,5.0,4.982511043548584,4.955052375793457,4.990832328796387,5.002278804779053,5
1927,KZ6604F015_5.tif,5,5.0,4.94972038269043,4.912067413330078,4.970447540283203,4.968160629272461,5
1928,KZ0904M013_5.tif,5,5.0,4.998157501220703,5.085689544677734,4.901534080505371,5.000348091125488,5
1929,QU9704M042_5.tif,5,5.0,5.002114772796631,4.940572261810303,5.109499931335449,4.9638776779174805,5
1930,KZ7704F010_5.tif,5,5.0,4.979176044464111,5.020974159240723,4.946154594421387,4.968019485473633,5
1931,UC0304F007_5.tif,5,5.0,4.9576735496521,4.983028888702393,4.903990745544434,4.982209205627441,5
1932,BE0604M009_5.tif,5,5.0,4.993475914001465,4.997981071472168,4.9787468910217285,5.0026631355285645,5
1933,NK7704M011_5.tif,5,5.0,4.999632358551025,5.026162147521973,5.037806510925293,4.937544822692871,5
1934,ChumBY17_22031_3671_239_23919_5.tif,5,5.0,4.947746276855469,4.925763130187988,4.954216003417969,4.963751792907715,5
1935,BE7404M027_5.tif,5,5.0,5.006575107574463,4.976133346557617,5.073423862457275,4.974888801574707,5
1936,UN8104F017_5.tif,5,5.0,4.977869033813477,5.007020473480225,4.959419250488281,4.965826988220215,5
1937,KZ9704F020_5.tif,5,5.0,4.981256008148193,5.011485576629639,4.95491886138916,4.975470066070557,5
1938,QU9204F010_5.tif,5,5.0,4.2344489097595215,3.4864354133605957,4.304701805114746,4.918461799621582,4
1939,ChumBY18_22797_1607_423_42301_5.tif,5,5.0,4.922708034515381,5.1036577224731445,4.737246990203857,4.913949489593506,5
1940,NS0404F048_5.tif,5,5.0,4.974171161651611,4.930017471313477,5.026650905609131,4.969587326049805,5
1941,KZ9604M029_5.tif,5,5.0,4.951129913330078,5.0736188888549805,4.916134834289551,4.860973358154297,5
1942,QU0104M021_5.tif,5,5.0,5.006567478179932,4.990528106689453,5.029968738555908,5.00086784362793,5
1943,Chum_SCL_2004_68_5.tif,5,5.0,4.925070285797119,5.031968116760254,4.758623123168945,4.972809791564941,5
1944,BE1204F022_5.tif,5,5.0,5.008281707763672,5.030229091644287,5.043313980102539,4.953707695007324,5
1945,BE0504F023_5.tif,5,5.0,4.990228652954102,4.962470054626465,5.000119686126709,5.008835792541504,5
1946,QU9704F019_5.tif,5,5.0,5.02822208404541,4.957638263702393,5.1225128173828125,5.0112223625183105,5
1947,BE0404F041_5.tif,5,5.0,4.931419372558594,4.967899322509766,5.035188674926758,4.798346519470215,5
1948,BF7804F013_5.tif,5,5.0,4.977018356323242,4.957394123077393,4.983098983764648,4.991021156311035,5
1949,NS8504F021_5.tif,5,5.0,5.052394866943359,5.082224369049072,5.073517799377441,5.002862453460693,5
1950,BE6704M040_5.tif,5,5.0,4.842191696166992,4.728378772735596,4.838385105133057,4.959751129150391,5
1951,BT9504F020_5.tif,5,5.0,5.021772384643555,5.010974407196045,5.037394046783447,5.0180583000183105,5
1952,NS0704F025_5.tif,5,5.0,5.055087089538574,5.052938938140869,5.141951560974121,4.976436614990234,5
1953,QU8404F021_5.tif,5,5.0,4.931128978729248,4.973174571990967,4.834298133850098,4.9790802001953125,5
1954,Chum_SCL_1992_29_5.tif,5,5.0,4.99520206451416,4.996697425842285,4.9891276359558105,4.999354839324951,5
1955,BE1304M009_5.tif,5,5.0,5.040555953979492,5.0585737228393555,5.042301654815674,5.020881175994873,5
1956,UN0004F004_5.tif,5,5.0,4.942310810089111,4.912747859954834,4.929045677185059,4.98426628112793,5
1957,BE6704F026_5.tif,5,5.0,4.593250751495361,4.400679111480713,4.7458086013793945,4.644259452819824,5
1958,BE0604F014_5.tif,5,5.0,4.821211814880371,5.063259124755859,4.723764419555664,4.669374465942383,5
1959,BE0204M019_5.tif,5,5.0,4.893965244293213,4.986085414886475,4.706488609313965,4.976071357727051,5
1960,BE7604M005_5.tif,5,5.0,4.99735164642334,5.014779567718506,4.968698501586914,5.006545543670654,5
1961,BE0604F007_5.tif,5,5.0,3.928227424621582,4.198230743408203,3.5353236198425293,4.023219108581543,4
1962,2022-DI-103-8_5.tif,5,5.0,4.780401229858398,4.576258659362793,5.028329849243164,4.75428581237793,5
1963,ChumBY17_21957_3703_1093_109301_5.tif,5,5.0,4.911725044250488,4.927285194396973,4.986575126647949,4.826510429382324,5
1964,ChumBY21_24921_5320_38_3724_5.tif,5,5.0,4.09827995300293,4.033562183380127,4.260570526123047,4.012149810791016,4
1965,KZ9104M017_5.tif,5,5.0,5.0261969566345215,5.115350246429443,4.962420463562012,4.996208190917969,5
1966,ChumBY20_24386_4078_128_191_5.tif,5,5.0,3.402132272720337,3.5756373405456543,3.20615553855896,3.410613536834717,3
1967,Chum_SCL_1991_85_5.tif,5,5.0,5.0879693031311035,5.259702205657959,5.008391857147217,4.989950180053711,5
1968,BE0404F056_5.tif,5,5.0,5.01537561416626,5.042035102844238,5.02570104598999,4.979063987731934,5
1969,BE1004F021_5.tif,5,5.0,4.946253299713135,4.962658405303955,4.885768890380859,4.986082077026367,5
1970,BE1104M003_5.tif,5,5.0,4.986539363861084,4.954098224639893,4.995973587036133,5.010263442993164,5
1971,BE0704F014_5.tif,5,5.0,4.999198913574219,5.01389741897583,5.038124084472656,4.948265075683594,5
1972,NS9604M031_5.tif,5,5.0,5.0001115798950195,5.0285725593566895,4.969355583190918,5.000209808349609,5
1973,ChumBY12_15552_5306_36_21_5.tif,5,5.0,4.396422386169434,4.445157527923584,4.387110710144043,4.356261253356934,4
1974,UN9904F003_5.tif,5,5.0,4.9725446701049805,4.929821014404297,5.019205570220947,4.971940994262695,5
1975,BE6704M006_5.tif,5,5.0,4.974578857421875,4.936898708343506,4.992156028747559,4.995976448059082,5
1976,NS0404M020_5.tif,5,5.0,4.022046089172363,3.630941867828369,4.51910400390625,3.9514882564544678,4
1977,BF9504M018_5.tif,5,5.0,4.998466491699219,4.999027252197266,5.039795398712158,4.959460258483887,5
1978,UN9604F018_5.tif,5,5.0,5.006807804107666,4.976716995239258,5.0764970779418945,4.972127914428711,5
1979,NS0604M047_5.tif,5,5.0,5.020350933074951,5.045048713684082,5.074761390686035,4.944995403289795,5
1980,NK8604F022_5.tif,5,5.0,4.973112106323242,4.907576560974121,4.999064922332764,5.014623641967773,5
1981,QU9504M011_5.tif,5,5.0,4.9756760597229,4.951207160949707,5.054526329040527,4.926841735839844,5
1982,NS0804M014_5.tif,5,5.0,5.072598457336426,5.0672173500061035,5.174124717712402,4.983548164367676,5
1983,NS9804M003_5.tif,5,5.0,4.9800872802734375,4.953755855560303,4.986076354980469,5.000894069671631,5
1984,NK0604M003_5.tif,5,5.0,5.021534442901611,4.934750556945801,5.122112274169922,5.01491641998291,5
1985,CA0304F028_5.tif,5,5.0,4.514657020568848,4.670346260070801,4.333637237548828,4.527072906494141,5
1986,BT8104M030_5.tif,5,5.0,4.895187854766846,4.96670389175415,4.879762649536133,4.837890625,5
1987,BE9304F044_5.tif,5,5.0,4.962122440338135,4.952577590942383,4.980291366577148,4.954783916473389,5
1988,ChumBY12_15442_5358_46_7_5.tif,5,5.0,4.857181072235107,4.831607341766357,4.978296279907227,4.770137786865234,5
1989,ChumBY17_22020_4055_230_14_5.tif,5,5.0,5.043130874633789,5.05280065536499,5.052254676818848,5.024956226348877,5
1990,Chum_SCL_1991_13_5.tif,5,5.0,5.297879695892334,5.648646354675293,5.239415645599365,5.000864505767822,5
1991,BE0404M018_5.tif,5,5.0,4.985578536987305,5.035364627838135,4.950286865234375,4.968531131744385,5
1992,BE6504M004_5.tif,5,5.0,4.9902801513671875,5.054757595062256,4.9184675216674805,4.992487907409668,5
1993,UN9704M030_5.tif,5,5.0,5.004391670227051,4.982542991638184,4.999759674072266,5.030588626861572,5
1994,ChumBY21_25004_3794_295_113_5.tif,5,5.0,4.316549301147461,4.331257343292236,4.237582683563232,4.375269889831543,4
1995,ChumBY19_23577_3357_286_28650_5.tif,5,5.0,5.021047592163086,5.04528284072876,5.047957420349121,4.971735954284668,5
1996,BE0404F045_5.tif,5,5.0,5.005376815795898,4.9603071212768555,5.070002555847168,4.990411758422852,5
1997,CA0004M001_5.tif,5,5.0,4.964186191558838,4.903018951416016,4.997960090637207,4.994047164916992,5
1998,ChumBY21_24976_5310_81_6134_5.tif,5,5.0,3.986405849456787,3.9955646991729736,3.9417965412139893,4.018726348876953,4
1999,BT1104F017_5.tif,5,5.0,4.926944255828857,4.915535926818848,4.934427261352539,4.931412696838379,5
2000,NS8604F010_5.tif,5,5.0,4.982028007507324,5.0032958984375,4.924488067626953,5.014245986938477,5
2001,NS6804F006_5.tif,5,5.0,4.984470844268799,4.954049110412598,5.011943817138672,4.989392280578613,5
2002,UN8504F004_5.tif,5,5.0,4.997419834136963,4.978802680969238,4.994739532470703,5.018564224243164,5
2003,BT1404F021_5.tif,5,5.0,4.986898899078369,4.939348220825195,5.051272869110107,4.974653720855713,5
2004,QU7404M019_5.tif,5,5.0,4.920774459838867,4.958002090454102,4.905219078063965,4.89794921875,5
2005,ChumBY18_22783_4063_175_17504_5.tif,5,5.0,4.834651947021484,4.878658294677734,5.023532867431641,4.614867210388184,5
2006,BE7504M009_5.tif,5,5.0,4.962381362915039,4.9841837882995605,4.9479217529296875,4.9539899826049805,5
2007,BE7404M008_5.tif,5,5.0,5.00041389465332,5.010087013244629,4.993507385253906,4.997147560119629,5
2008,UN0104M034_5.tif,5,5.0,4.094671249389648,4.170190811157227,4.083354949951172,4.029541015625,4
2009,BE8704F026_5.tif,5,5.0,4.996976852416992,5.007152080535889,4.994232177734375,4.989336967468262,5
2010,ChumBY13_17643_5306_181_445_5.tif,5,5.0,4.986104965209961,5.0369744300842285,4.940645217895508,4.97743034362793,5
2011,2022-CRAW-104-8_5.tif,5,5.0,4.614322185516357,4.566934108734131,4.362751007080078,4.895810127258301,5
2012,QU9904F011_5.tif,5,5.0,4.996877670288086,5.049920082092285,5.08014440536499,4.866284370422363,5
2013,ChumBY17_21859_3870_222_205_5.tif,5,5.0,4.89990758895874,4.79157829284668,4.946778297424316,4.964832305908203,5
2014,ChumBY19_23618_5323_25_56_5.tif,5,5.0,4.152879238128662,4.442511558532715,4.07486629486084,3.9352927207946777,4
2015,QU8904F034_5.tif,5,5.0,4.978184700012207,4.978281021118164,4.9513654708862305,5.003035545349121,5
2016,UN8404F019_5.tif,5,5.0,4.998456954956055,4.974764823913574,5.047102928161621,4.976941108703613,5
2017,UC9704M024_5.tif,5,5.0,5.033483505249023,5.150101661682129,4.956809997558594,4.987977981567383,5
2018,ChumBY21_24921_5320_46_4611_5.tif,5,5.0,4.725044250488281,4.55258846282959,4.6808881759643555,4.938884735107422,5
2019,BE1104M009_5.tif,5,5.0,3.979480743408203,3.950735092163086,3.99324631690979,3.9954733848571777,4
2020,NS0804F018_5.tif,5,5.0,5.274786472320557,5.005806922912598,5.513862133026123,5.321860313415527,5
2021,ChumBY13_17751_1607_433_3_5.tif,5,5.0,5.046658515930176,5.120245933532715,5.0450544357299805,4.974430084228516,5
2022,UN8604F014_5.tif,5,5.0,5.026080131530762,5.01170015335083,5.068777084350586,5.000768184661865,5
2023,BE7204M022_5.tif,5,5.0,5.023661136627197,5.042831897735596,5.035772323608398,4.993189811706543,5
2024,UN0204F020_5.tif,5,5.0,5.03179407119751,5.072486877441406,5.0358476638793945,4.98725700378418,5
2025,UN9404F023_5.tif,5,5.0,5.050706386566162,5.131647109985352,5.062667369842529,4.958493232727051,5
2026,Chum_SCL_2001_156_5.tif,5,5.0,5.013047218322754,5.110466003417969,4.890561580657959,5.029388904571533,5
2027,BT0104M034_5.tif,5,5.0,4.75698184967041,4.892450332641602,4.382206916809082,4.969888210296631,5
2028,Chum_SCL_2001_76_5.tif,5,5.0,5.103590965270996,5.069436073303223,5.2603631019592285,4.991976737976074,5
2029,BE7404M031_5.tif,5,5.0,4.973439693450928,4.986997127532959,5.005598068237305,4.929944038391113,5
2030,CA0004F014_5.tif,5,5.0,5.012068748474121,4.967665672302246,5.074720859527588,4.99827241897583,5
2031,ChumBY21_24995_5323_103_2023_5.tif,5,5.0,4.871422290802002,4.996311187744141,4.717832565307617,4.889178276062012,5
2032,KZ8104F019_5.tif,5,5.0,4.9349517822265625,4.92698860168457,4.926211357116699,4.9510602951049805,5
2033,Chum_SCL_2004_17_5.tif,5,5.0,4.087018966674805,3.983110189437866,4.224662780761719,4.063077926635742,4
2034,BT0604M020_5.tif,5,5.0,4.977200984954834,4.932716369628906,5.042276382446289,4.9612321853637695,5
2035,UC9204M001_5.tif,5,5.0,4.908541679382324,4.920895099639893,4.826788902282715,4.9722137451171875,5
2036,BE0004F001_5.tif,5,5.0,4.970057964324951,4.986657619476318,4.909084320068359,5.010146617889404,5
2037,BE7204F011_5.tif,5,5.0,4.969079494476318,4.999218940734863,4.922943115234375,4.981801986694336,5
2038,QU0404F004_5.tif,5,5.0,5.300186634063721,5.038286209106445,5.774375915527344,5.121464729309082,5
2039,UN1304M013_5.tif,5,5.0,5.020020484924316,4.9691996574401855,5.108786582946777,4.9883623123168945,5
2040,UN0304M013_5.tif,5,5.0,4.980095386505127,4.960582733154297,4.968964576721191,5.0099968910217285,5
2041,ChumBY21_25073_4111_710_71021_5.tif,5,5.0,3.9652395248413086,3.9665491580963135,4.130414009094238,3.8102810382843018,4
2042,KZ9204M032_5.tif,5,5.0,4.966334819793701,4.957110404968262,4.929607391357422,5.009739875793457,5
2043,ChumBY13_17630_5323_79_72_5.tif,5,5.0,4.96834135055542,4.960994720458984,4.935410499572754,5.006333351135254,5
2044,BE9104M032_5.tif,5,5.0,4.95435905456543,5.006698131561279,4.884655475616455,4.966765403747559,5
2045,Chum_SCL_1995_104229_39_5.tif,5,5.0,5.0671844482421875,5.063368797302246,5.08664608001709,5.052903175354004,5
2046,NS8204M012_5.tif,5,5.0,4.914656162261963,4.944182395935059,4.764859676361084,5.02441930770874,5
2047,UC0304F061_5.tif,5,5.0,5.0102691650390625,4.9861674308776855,5.056538105010986,4.991374969482422,5
2048,NK0004M004_5.tif,5,5.0,4.975996494293213,4.952766418457031,4.964248180389404,5.010196208953857,5
2049,KZ8604M033_5.tif,5,5.0,5.055315017700195,5.04758882522583,5.128514289855957,4.994963645935059,5
2050,BE6804F028_5.tif,5,5.0,5.00052547454834,5.0133514404296875,4.981925010681152,5.004978656768799,5
2051,Chum_SCL_2001_60_5.tif,5,5.0,5.0971174240112305,5.149921417236328,5.122891902923584,5.020242214202881,5
2052,UN7604M022_5.tif,5,5.0,5.023641586303711,5.030402660369873,5.060968399047852,4.982146263122559,5
2053,BE1104F011_5.tif,5,5.0,4.6931657791137695,4.732443809509277,5.01094388961792,4.358216285705566,5
2054,Chum_SCL_2001_184_5.tif,5,5.0,4.9601030349731445,5.029154300689697,4.8662190437316895,4.978259086608887,5
2055,KZ0904F011_5.tif,5,5.0,5.076273441314697,5.103528022766113,5.104255676269531,5.022939682006836,5
2056,ChumBY11_14362_3703_811_133_5.tif,5,5.0,5.0950775146484375,5.156289577484131,5.134665489196777,4.996929168701172,5
2057,KZ6904M004_5.tif,5,5.0,4.970408916473389,5.062897205352783,5.011551856994629,4.839482307434082,5
2058,BT9104M007_5.tif,5,5.0,5.0002641677856445,5.016193389892578,5.002225399017334,4.982481479644775,5
2059,BE7004F022_5.tif,5,5.0,4.943070888519287,4.95790433883667,4.864027976989746,5.001736640930176,5
2060,ChumBY17_22000_5306_197_787_5.tif,5,5.0,4.986838340759277,4.922775745391846,5.048629283905029,4.9935383796691895,5
2061,UN0804M015_5.tif,5,5.0,4.93673849105835,4.941181182861328,5.0270209312438965,4.848305702209473,5
2062,BE7104F025_5.tif,5,5.0,5.011266231536865,5.011998653411865,5.032984733581543,4.990329742431641,5
2063,Chum_SCL_2001_210_5.tif,5,5.0,5.003166198730469,5.0809712409973145,4.877254486083984,5.042344570159912,5
2064,BF0804M004_5.tif,5,5.0,4.946208953857422,4.936620235443115,4.896862983703613,5.001716136932373,5
2065,ChumBY15_20343_5320_45_388_5.tif,5,5.0,4.773895740509033,4.544845104217529,4.806357383728027,4.973163604736328,5
2066,UN9504M044_5.tif,5,5.0,4.317218780517578,4.4020185470581055,4.204333305358887,4.337272644042969,4
2067,BF9304F009_5.tif,5,5.0,4.97650146484375,4.960812568664551,4.980014801025391,4.988951683044434,5
2068,UN0404M068_5.tif,5,5.0,5.015434741973877,5.052993297576904,4.969388008117676,5.020641326904297,5
2069,BE0404F052_5.tif,5,5.0,5.020740509033203,5.0291290283203125,5.07741117477417,4.959622383117676,5
2070,BT0204F013_5.tif,5,5.0,4.995364189147949,4.977356910705566,5.039236545562744,4.972593307495117,5
2071,ChumBY17_22068_3245_181_222_5.tif,5,5.0,4.844415664672852,5.129670143127441,4.918735504150391,4.489513397216797,5
2072,ChumBY13_17527_5310_157_273_5.tif,5,5.0,4.145296573638916,4.146215915679932,4.292319297790527,4.0076141357421875,4
2073,BF8904M006_5.tif,5,5.0,4.985714435577393,4.996221542358398,4.9629082679748535,4.996403217315674,5
2074,NS7504M005_5.tif,5,5.0,4.9240193367004395,4.96305513381958,4.818812370300293,4.982778072357178,5
2075,BF7604M009_5.tif,5,5.0,4.956445217132568,5.047713756561279,4.812458038330078,4.998950004577637,5
2076,ChumBY13_17643_5306_139_240_5.tif,5,5.0,4.739317417144775,5.06732702255249,4.701355934143066,4.446027755737305,5
2077,QU0704M014_5.tif,5,5.0,4.97648811340332,4.896790981292725,5.051445007324219,4.986603736877441,5
2078,KZ8404M029_5.tif,5,5.0,4.97484016418457,4.963092803955078,4.973701477050781,4.987668991088867,5
2079,ChumBY21_24921_5320_49_4904_5.tif,5,5.0,4.070338249206543,4.161281108856201,4.084418296813965,3.9661333560943604,4
2080,BE7204F022_5.tif,5,5.0,5.004660606384277,5.090936660766602,4.982118606567383,4.939198017120361,5
2081,Chum_SCL_1992_35_5.tif,5,5.0,4.609835147857666,4.028787612915039,4.812740325927734,5.0031867027282715,5
2082,ChumBY19_23674_4111_835_1028_5.tif,5,5.0,4.95191764831543,5.071223735809326,4.794522285461426,4.978806495666504,5
2083,CA9504F035_5.tif,5,5.0,5.016819000244141,5.0450639724731445,4.998089790344238,5.005945205688477,5
2084,BE0904M010_5.tif,5,5.0,4.996437072753906,4.991641044616699,5.01204252243042,4.986725807189941,5
2085,CA0604M008_5.tif,5,5.0,4.999110698699951,4.999495506286621,4.993197441101074,5.004225730895996,5
2086,UN8704F013_5.tif,5,5.0,4.983638286590576,4.966030120849609,4.997572898864746,4.988316059112549,5
2087,BE0904M034_5.tif,5,5.0,5.016155242919922,5.006723403930664,5.023953914642334,5.0183491706848145,5
2088,KZ7704M009_5.tif,5,5.0,4.978919982910156,4.975142002105713,4.966681480407715,4.994089126586914,5
2089,ChumBY18_22741_5306_68_214_5.tif,5,5.0,4.313270092010498,4.557669639587402,4.413088798522949,3.9755771160125732,4
2090,BE0404F023_5.tif,5,5.0,4.893107891082764,5.0769124031066895,4.8370585441589355,4.761109352111816,5
2091,QU9204M028_5.tif,5,5.0,5.049773216247559,5.046289920806885,5.1097517013549805,4.997469902038574,5
2092,BE0904F008_5.tif,5,5.0,4.45816707611084,4.578922271728516,4.053830146789551,4.713311195373535,4
2093,BE6904F013_5.tif,5,5.0,4.902242660522461,4.732124328613281,4.987138748168945,4.993697166442871,5
2094,ChumBY16_21167_5310_160_1204_5.tif,5,5.0,4.9677734375,5.04617977142334,4.861086368560791,4.988467216491699,5
2095,2022-DI-105-91_5.tif,5,5.0,4.946929931640625,5.223053455352783,4.680513381958008,4.9181318283081055,5
2096,Chum_SCL_1991_04_5.tif,5,5.0,5.045145511627197,4.979269981384277,5.16307258605957,5.0014424324035645,5
2097,QU9904M046_5.tif,5,5.0,5.065648078918457,5.204276084899902,5.048815727233887,4.942427635192871,5
2098,ChumBY15_20287_3396_189_14_5.tif,5,5.0,4.9806013107299805,5.005648136138916,5.0246381759643555,4.914545059204102,5
2099,NS9904M029_5.tif,5,5.0,4.9802985191345215,4.969422340393066,4.976195335388184,4.995011329650879,5
2100,ChumBY12_15552_5306_26_12_5.tif,5,5.0,5.118427276611328,5.267269134521484,5.145138740539551,4.9444684982299805,5
2101,NS8704M025_5.tif,5,5.0,5.025674343109131,5.008025646209717,5.065098762512207,5.0066819190979,5
2102,BE6704F031_5.tif,5,5.0,5.072613716125488,5.010132312774658,5.225961685180664,4.9925618171691895,5
2103,BE7104M020_5.tif,5,5.0,5.002481937408447,5.009612083435059,5.000325679779053,4.997344970703125,5
2104,BE0904F007_5.tif,5,5.0,4.713677406311035,4.735311508178711,4.741983413696289,4.665673732757568,5
2105,ChumBY21_24976_5310_25_5032_5.tif,5,5.0,4.148448944091797,3.94244647026062,4.5144758224487305,4.014341354370117,4
2106,ChumBY11_14311_5310_128_563_5.tif,5,5.0,5.189466953277588,5.154143333435059,5.483196258544922,4.951624393463135,5
2107,ChumBY18_22783_4063_231_231011_5.tif,5,5.0,2.9622204303741455,2.8873400688171387,3.0031356811523438,2.999176025390625,3
2108,KZ9204M021_5.tif,5,5.0,4.9998674392700195,4.9509992599487305,5.065570831298828,4.987706184387207,5
2109,BE6704F021_5.tif,5,5.0,4.962035179138184,5.0106730461120605,4.906668663024902,4.964811325073242,5
2110,BF7204F002_5.tif,5,5.0,4.959683418273926,4.981805324554443,4.907979488372803,4.985617637634277,5
2111,BE0304F018_5.tif,5,5.0,5.024231433868408,5.016729831695557,5.046569347381592,5.01096773147583,5
2112,BE6704F034_5.tif,5,5.0,4.967806816101074,5.006179332733154,4.8901262283325195,5.001625061035156,5
2113,Chum_SCL_1991_46_5.tif,5,5.0,5.141206741333008,5.191202640533447,5.24952507019043,4.99036169052124,5
2114,BF7604F019_5.tif,5,5.0,4.982574462890625,5.0981221199035645,4.863046646118164,4.978004455566406,5
2115,NK8904M001_5.tif,5,5.0,4.9853620529174805,4.995996475219727,4.988564491271973,4.971729278564453,5
2116,ChumBY19_23395_5323_15_1501_5.tif,5,5.0,3.7295050621032715,3.933966875076294,3.764589548110962,3.4920380115509033,4
2117,ChumBY11_14311_5310_31_254_5.tif,5,5.0,4.938963413238525,4.888240337371826,5.306550025939941,4.647845268249512,5
2118,BE7404M013_5.tif,5,5.0,5.0442047119140625,5.114848613739014,5.025139331817627,4.9911675453186035,5
2119,BE1104M029_5.tif,5,5.0,4.9917778968811035,5.004498481750488,4.978151321411133,4.9917097091674805,5
2120,BE7604M021_5.tif,5,5.0,4.556029796600342,4.6262712478637695,4.490278720855713,4.546823024749756,5
2121,BT0204F026_5.tif,5,5.0,5.023735046386719,4.990551471710205,5.0665483474731445,5.017153739929199,5
2122,BE7304F021_5.tif,5,5.0,4.988166332244873,5.012528896331787,4.94960880279541,4.999626636505127,5
2123,ChumBY19_23618_5323_16_24_5.tif,5,5.0,5.1078338623046875,5.07420015335083,5.161362171173096,5.091735363006592,5
2124,ChumBY19_23588_3261_358_376_5.tif,5,5.0,4.728269577026367,4.699451923370361,4.731232643127441,4.754383087158203,5
2125,UN9904M013_5.tif,5,5.0,4.999802589416504,4.961735725402832,5.019689559936523,5.019439697265625,5
2126,ChumBY20_24353_5306_214_311_5.tif,5,5.0,4.277801513671875,4.186037063598633,4.6072187423706055,4.063304901123047,4
2127,Chum_SCL_1995_104229_54_5.tif,5,5.0,5.030989646911621,5.071987628936768,5.040060997009277,4.981479167938232,5
2128,KZ9504M005_5.tif,5,5.0,4.986777305603027,4.993524074554443,4.987677574157715,4.979181289672852,5
2129,BT9104M033_5.tif,5,5.0,4.979539394378662,4.969046592712402,5.017242908477783,4.954978942871094,5
2130,ChumBY19_23587_3671_297_149_5.tif,5,5.0,4.872618675231934,4.969295501708984,4.826543807983398,4.818626403808594,5
2131,BT7804F016_5.tif,5,5.0,5.009047031402588,5.0167341232299805,5.0347900390625,4.977399826049805,5
2132,BE0604M013_5.tif,5,5.0,5.020323276519775,4.97683048248291,5.043062686920166,5.042742729187012,5
2133,UN9404F024_5.tif,5,5.0,5.0049824714660645,5.0591959953308105,4.971213340759277,4.982083320617676,5
2134,ChumBY19_23600_3896_332_463_5.tif,5,5.0,4.967177391052246,4.908222198486328,4.947120666503906,5.044895648956299,5
2135,NS9004F015_5.tif,5,5.0,4.993444442749023,4.969438076019287,5.042514324188232,4.971848964691162,5
2136,ChumBY21_24983_5306_188_1638_5.tif,5,5.0,4.3559417724609375,4.524975776672363,4.506377220153809,4.046666622161865,4
2137,NK8904F006_5.tif,5,5.0,4.748927116394043,4.69088888168335,4.6045331954956055,4.9413862228393555,5
2138,ChumBY13_17981_5310_23_124_5.tif,5,5.0,4.881179332733154,5.028009414672852,4.816155433654785,4.794569969177246,5
2139,ChumBY11_14409_3870_281_6_5.tif,5,5.0,4.444822311401367,4.700676918029785,4.616584300994873,4.0287322998046875,4
2140,UN0904F032_5.tif,5,5.0,5.051390171051025,4.992609977722168,5.1793365478515625,4.991259574890137,5
2141,KZ9404F028_5.tif,5,5.0,4.991189002990723,4.979712009429932,4.985445976257324,5.008029937744141,5
2142,UC9504F023_5.tif,5,5.0,5.046972274780273,4.995982646942139,5.137826919555664,5.013541221618652,5
2143,BT7304M033_5.tif,5,5.0,4.9880805015563965,5.066575050354004,4.909424781799316,4.98261022567749,5
2144,BE1004M024_5.tif,5,5.0,4.966982364654541,4.901275157928467,5.0237932205200195,4.979962348937988,5
2145,ChumBY16_21270_4063_332_48_5.tif,5,5.0,4.909515857696533,4.877053737640381,4.856160640716553,4.991667747497559,5
2146,BE1004M004_5.tif,5,5.0,5.011625289916992,5.143143177032471,4.905433654785156,4.978650093078613,5
2147,UC9304M018_5.tif,5,5.0,5.00839900970459,5.026760101318359,5.0216546058654785,4.97767448425293,5
2148,BT0304F005_5.tif,5,5.0,5.010366439819336,4.9919209480285645,5.083176612854004,4.961116790771484,5
2149,ChumBY11_14326_3896_284_4_5.tif,5,5.0,4.653543949127197,4.817617416381836,4.501158237457275,4.630925178527832,5
2150,2022-CRAW-110-90_5.tif,5,5.0,4.020384788513184,4.649582386016846,4.136087417602539,3.282423973083496,4
2151,BE0204F004_5.tif,5,5.0,4.970390796661377,4.91459321975708,5.015273571014404,4.9845380783081055,5
2152,ChumBY16_21147_4063_194_47_5.tif,5,5.0,4.947788238525391,4.926408290863037,4.899636268615723,5.0139970779418945,5
2153,BE7604M011_5.tif,5,5.0,4.948086261749268,4.989150047302246,4.875870704650879,4.974124431610107,5
2154,UC0304M004_5.tif,5,5.0,5.019392013549805,4.973855018615723,5.100066661834717,4.989967346191406,5
2155,BE7404M011_5.tif,5,5.0,4.999518871307373,4.977706432342529,5.018627643585205,5.003596305847168,5
2156,BE0204F038_5.tif,5,5.0,4.971349716186523,5.012363433837891,4.910759925842285,4.9866228103637695,5
2157,BE0704M001_5.tif,5,5.0,5.0131378173828125,5.018288612365723,5.049437999725342,4.974210262298584,5
2158,UN9404F056_5.tif,5,5.0,4.993202209472656,5.040329933166504,4.988374710083008,4.950480937957764,5
2159,BE0804F014_5.tif,5,5.0,4.414594650268555,4.485286235809326,4.541714668273926,4.225527286529541,4
2160,ChumBY21_24976_5310_92_6814_5.tif,5,5.0,4.482306480407715,4.420969009399414,4.519133567810059,4.50949764251709,4
2161,Chum_SCL_2001_104_5.tif,5,5.0,5.082631587982178,5.134626865386963,5.124693870544434,4.991415977478027,5
2162,UC9104M002_5.tif,5,5.0,5.026509761810303,5.014439582824707,5.105382919311523,4.965232849121094,5
2163,ChumBY13_17491_4078_51_77_5.tif,5,5.0,4.11683464050293,3.645852565765381,4.381575107574463,4.342402935028076,4
2164,KZ9304F028_5.tif,5,5.0,4.982757568359375,4.891724109649658,5.068435192108154,4.994257926940918,5
2165,QU9004F011_5.tif,5,5.0,5.022691249847412,5.010605335235596,5.063909530639648,4.996457099914551,5
2166,ChumBY15_20279_5306_231_305_5.tif,5,5.0,4.507635593414307,4.6371612548828125,4.581904411315918,4.30879020690918,5
2167,UN0304F007_5.tif,5,5.0,5.018242359161377,5.030552864074707,5.017036437988281,5.0070319175720215,5
2168,BT9904F033_5.tif,5,5.0,5.0532684326171875,5.0666184425354,5.1426544189453125,4.9567461013793945,5
2169,CA9404M013_5.tif,5,5.0,4.996128082275391,5.041598320007324,5.028119087219238,4.920817852020264,5
2170,NK8104M022_5.tif,5,5.0,5.010303974151611,4.979635238647461,5.066001892089844,4.989217758178711,5
2171,BE1304M016_5.tif,5,5.0,5.015096187591553,5.052018165588379,4.988739013671875,5.002625942230225,5
2172,Chum_SCL_2001_90_5.tif,5,5.0,5.020986557006836,5.073096752166748,5.022589683532715,4.967291355133057,5
2173,ChumBY11_14262_5306_163_355_5.tif,5,5.0,5.058356285095215,5.002851963043213,5.283377170562744,4.904644966125488,5
2174,BT9504M025_5.tif,5,5.0,4.62183952331543,4.954913139343262,4.277564525604248,4.60841178894043,5
2175,KZ8104M027_5.tif,5,5.0,4.793151378631592,4.926355838775635,4.542129993438721,4.893209457397461,5
2176,KZ7704M012_5.tif,5,5.0,5.061250686645508,5.1051225662231445,5.111279487609863,4.970762252807617,5
2177,Chum_SCL_1992_18_5.tif,5,5.0,4.949252128601074,5.021968841552734,4.85263729095459,4.966277122497559,5
2178,BT0904M014_5.tif,5,5.0,5.050675392150879,5.113127708435059,5.047440052032471,4.991119861602783,5
2179,KZ8304F016_5.tif,5,5.0,4.99604606628418,4.980718612670898,5.027066230773926,4.982546806335449,5
2180,Chum_SCL_1991_95_5.tif,5,5.0,4.995115280151367,4.937081336975098,5.040464878082275,5.011069297790527,5
2181,UN8904F045_5.tif,5,5.0,4.9768805503845215,4.945799350738525,4.988577842712402,4.997137069702148,5
2182,NK8204M009_5.tif,5,5.0,5.017635345458984,4.990259647369385,5.086636543273926,4.980875492095947,5
2183,Chum_SCL_1995_104229_112_5.tif,5,5.0,5.039813041687012,4.9935302734375,5.109780311584473,5.0210957527160645,5
2184,QU8504F016_5.tif,5,5.0,4.974205017089844,4.953374862670898,4.989169120788574,4.98115348815918,5
2185,ChumBY21_25059_3261_347_34720_5.tif,5,5.0,4.914823532104492,4.8863630294799805,4.9060211181640625,4.951523780822754,5
2186,NK7804M008_5.tif,5,5.0,4.994719982147217,4.962835311889648,5.012894153594971,5.009756088256836,5
2187,ChumBY12_15509_1607_425_9_5.tif,5,5.0,4.709609508514404,4.793457984924316,4.35460090637207,4.955841541290283,5
2188,NS7604M002_5.tif,5,5.0,4.998126983642578,5.048129081726074,4.972110748291016,4.972234725952148,5
2189,ChumBY13_17630_5323_161_388_5.tif,5,5.0,4.946990013122559,5.08217191696167,5.081080436706543,4.686832904815674,5
2190,BF7304F028_5.tif,5,5.0,4.984292507171631,5.053117275238037,4.943455696105957,4.953330039978027,5
2191,BE9104F024_5.tif,5,5.0,5.012363910675049,5.036017417907715,4.989770412445068,5.0096845626831055,5
2192,QU9104F033_5.tif,5,5.0,4.957063674926758,4.974939346313477,4.8882060050964355,5.003208637237549,5
2193,ChumBY12_15516_3703_688_8_5.tif,5,5.0,4.101335048675537,3.9624733924865723,4.3782148361206055,3.982891798019409,4
2194,BF9004F018_5.tif,5,5.0,4.017714977264404,4.082836151123047,3.980273485183716,3.9873046875,4
2195,QU0404M043_5.tif,5,5.0,4.972833633422852,4.941808700561523,4.990227699279785,4.987734794616699,5
2196,UN0704F017_5.tif,5,5.0,4.99810266494751,4.981233596801758,5.018054008483887,4.996443748474121,5
2197,CA0104M001_5.tif,5,5.0,4.884783744812012,4.885859489440918,4.829497337341309,4.9351348876953125,5
2198,BE0204F002_5.tif,5,5.0,5.016175270080566,5.011106967926025,5.001213550567627,5.035171031951904,5
2199,NS9704F028_5.tif,5,5.0,5.016500949859619,4.997917175292969,5.092617988586426,4.964313507080078,5
2200,QU7004F001_5.tif,5,5.0,5.000365734100342,4.95175313949585,5.045205116271973,5.007355213165283,5
2201,BE6704F039_5.tif,5,5.0,4.899804592132568,5.0018391609191895,4.751245498657227,4.935776710510254,5
2202,ChumBY21_25019_3442_268_26801_5.tif,5,5.0,4.486291408538818,4.871768951416016,4.325383186340332,4.2497968673706055,4
2203,BT0004F015_5.tif,5,5.0,4.980381488800049,4.916769027709961,5.006683349609375,5.0196428298950195,5
2204,NS9604F048_5.tif,5,5.0,5.02028751373291,5.0143351554870605,5.071376800537109,4.978725910186768,5
2205,KZ1104F021_5.tif,5,5.0,5.025632381439209,5.090879917144775,5.002627849578857,4.981666564941406,5
2206,ChumBY11_14321_3396_244_3_5.tif,5,5.0,5.038850784301758,5.174835205078125,4.954853057861328,4.980755805969238,5
2207,BE7604F015_5.tif,5,5.0,4.999663352966309,5.059031963348389,4.941697120666504,4.994109153747559,5
2208,NS7304F019_5.tif,5,5.0,4.982014179229736,4.983818054199219,4.975606918334961,4.9861674308776855,5
2209,KZ6904M027_5.tif,5,5.0,4.108677864074707,4.0129523277282715,4.340970993041992,3.9884955883026123,4
2210,UN8504F030_5.tif,5,5.0,4.816114902496338,4.9142069816589355,4.695005416870117,4.830502510070801,5
2211,BE1004M013_5.tif,5,5.0,4.988135814666748,4.980475425720215,5.040530681610107,4.947072505950928,5
2212,ChumBY13_17643_5306_139_245_5.tif,5,5.0,4.988099575042725,4.909431457519531,5.123917102813721,4.940570831298828,5
2213,BE7304M010_5.tif,5,5.0,4.99288272857666,5.021335601806641,4.968935966491699,4.986653804779053,5
2214,Chum_SCL_1995_104229_93_5.tif,5,5.0,5.022466659545898,5.012399196624756,5.080848217010498,4.978245735168457,5
2215,KZ0804F029_5.tif,5,5.0,4.992810249328613,5.005924701690674,5.012612342834473,4.961251258850098,5
2216,BE1304F002_5.tif,5,5.0,4.9376678466796875,4.992721080780029,4.811915397644043,4.999490737915039,5
2217,BE9904F015_5.tif,5,5.0,4.9436235427856445,5.027148246765137,4.83294677734375,4.9629011154174805,5
2218,BE6704F029_5.tif,5,5.0,4.931103706359863,4.8941144943237305,4.974898338317871,4.927420616149902,5
2219,ChumBY16_21407_5310_15_398_5.tif,5,5.0,4.979999542236328,5.011073112487793,4.979631423950195,4.949211597442627,5
2220,BF8204F032_5.tif,5,5.0,4.966473579406738,5.013191223144531,4.907609939575195,4.974428176879883,5
2221,BE0204M007_5.tif,5,5.0,4.956498622894287,5.018809795379639,4.906323432922363,4.940749168395996,5
2222,KZ9804M028_5.tif,5,5.0,5.027605056762695,5.092775344848633,4.978541374206543,5.007956027984619,5
2223,ChumBY13_17463_3681_272_9_5.tif,5,5.0,4.267156600952148,4.604750633239746,4.215808868408203,3.976716995239258,4
2224,BE7004M017_5.tif,5,5.0,4.9856343269348145,4.984999656677246,4.942928314208984,5.02599573135376,5
2225,BT9704M004_5.tif,5,5.0,5.046618938446045,5.0258636474609375,5.141108512878418,4.97951602935791,5
2226,ChumBY18_22776_5310_97_877_5.tif,5,5.0,4.889865875244141,5.009490966796875,4.907442092895508,4.753676414489746,5
2227,BE0404F054_5.tif,5,5.0,5.0142621994018555,4.999781608581543,5.114800930023193,4.935246467590332,5
2228,ChumBY21_24947_3671_195_573_5.tif,5,5.0,3.6339335441589355,4.026565074920654,3.504021644592285,3.3614392280578613,4
2229,ChumBY18_22798_5320_10_84_5.tif,5,5.0,4.844723701477051,4.88153076171875,4.861250400543213,4.792476177215576,5
2230,QU0604M010_5.tif,5,5.0,5.012490272521973,5.007236957550049,5.042143821716309,4.990169048309326,5
2231,ChumBY13_17643_5306_95_76_5.tif,5,5.0,4.988297462463379,5.0590739250183105,4.975482940673828,4.929314613342285,5
2232,BE7404F002_5.tif,5,5.0,4.869842052459717,4.723038196563721,4.917366027832031,4.97270393371582,5
2233,BE0404M028_5.tif,5,5.0,5.0420308113098145,5.071619510650635,5.043298244476318,5.011209487915039,5
2234,BE7504M015_5.tif,5,5.0,4.9334516525268555,4.951861381530762,4.872596740722656,4.971616744995117,5
2235,Chum_SCL_2001_152_5.tif,5,5.0,5.01702356338501,5.007464408874512,5.020566463470459,5.0233049392700195,5
2236,BT9904M006_5.tif,5,5.0,4.975247859954834,4.99122428894043,4.930020809173584,5.001313209533691,5
2237,BT1404M020_5.tif,5,5.0,4.991171836853027,5.011629104614258,4.983701705932617,4.977626800537109,5
2238,NS0104M010_5.tif,5,5.0,5.015824317932129,5.016984462738037,4.99630069732666,5.032823085784912,5
2239,2022-DI-105-4_5.tif,5,5.0,3.9437341690063477,3.9817824363708496,3.8653016090393066,3.9785752296447754,4
2240,ChumBY18_22774_3245_230_23003_5.tif,5,5.0,4.946773052215576,5.397338390350342,4.761203765869141,4.668012619018555,5
2241,ChumBY16_21182_5323_14_40_5.tif,5,5.0,5.083492755889893,5.100423336029053,5.212151050567627,4.946852684020996,5
2242,ChumBY21_25088_2943_384_38409_5.tif,5,5.0,3.9952375888824463,4.031854152679443,3.960559129714966,3.990813970565796,4
2243,ChumBY21_24983_5306_321_3144_5.tif,5,5.0,4.945633888244629,4.964231491088867,4.894876480102539,4.974218368530273,5
2244,ChumBY16_21407_5310_15_374_5.tif,5,5.0,4.9420599937438965,4.841894149780273,5.05367374420166,4.938582420349121,5
2245,QU0704F027_5.tif,5,5.0,4.9803924560546875,4.966985702514648,4.9685564041137695,5.004832744598389,5
2246,KZ0004F021_5.tif,5,5.0,4.97420597076416,5.017969131469727,4.945720672607422,4.956860542297363,5
2247,BT7604M010_5.tif,5,5.0,4.981269359588623,4.978629112243652,5.089332103729248,4.88339376449585,5
2248,BF6604F010_5.tif,5,5.0,5.01276159286499,5.03558349609375,4.991819381713867,5.009378910064697,5
2249,ChumBY15_20314_5320_3_1_5.tif,5,5.0,4.280926704406738,4.47170877456665,4.3455586433410645,4.029679298400879,4
2250,BF0604F020_5.tif,5,5.0,4.980252742767334,4.921565532684326,5.0307793617248535,4.9920454025268555,5
2251,UN0004F057_5.tif,5,5.0,4.992353439331055,5.010517120361328,4.991385459899902,4.9750566482543945,5
2252,ChumBY21_24976_5310_103_9017_5.tif,5,5.0,3.7013065814971924,3.4129862785339355,3.6948039531707764,3.9961957931518555,4
2253,ChumBY11_14612_3671_434_41_5.tif,5,5.0,5.122325897216797,4.987893581390381,5.475863456726074,4.928136825561523,5
2254,CA9804M009_5.tif,5,5.0,4.768075942993164,4.546563148498535,4.791131019592285,4.96854305267334,5
2255,BE0404M030_5.tif,5,5.0,5.031972408294678,5.149134159088135,5.003444671630859,4.941136360168457,5
2256,NK9704M005_5.tif,5,5.0,5.014254570007324,4.985918045043945,5.048814296722412,5.010493278503418,5
2257,BE6904M008_5.tif,5,5.0,4.98730993270874,4.976060390472412,4.989532470703125,4.996512413024902,5
2258,ChumBY14_19372_5306_29_11_5.tif,5,5.0,5.042786598205566,5.08383846282959,5.073842525482178,4.972771644592285,5
2259,QU9504F025_5.tif,5,5.0,4.9888715744018555,5.0500264167785645,4.983617782592773,4.932493209838867,5
2260,NS8804F013_5.tif,5,5.0,5.029661178588867,4.961413383483887,5.097719669342041,5.03472375869751,5
2261,UN1004M020_5.tif,5,5.0,4.89496374130249,4.873915195465088,4.9996795654296875,4.818643093109131,5
2262,UN0404F062_5.tif,5,5.0,5.024313926696777,4.961878776550293,5.095194339752197,5.020927906036377,5
2263,BE7304F009_5.tif,5,5.0,4.983943939208984,5.026762962341309,4.976716041564941,4.947771072387695,5
2264,ChumBY21_24976_5310_26_5036_5.tif,5,5.0,4.962070465087891,4.921101093292236,4.9475603103637695,5.016610622406006,5
2265,BE0504F018_5.tif,5,5.0,4.816051006317139,4.944057464599609,4.672573089599609,4.8212785720825195,5
2266,ChumBY19_23536_5306_32_111_5.tif,5,5.0,5.0352959632873535,5.010061264038086,5.095970630645752,5.004136562347412,5
2267,Chum_SCL_1991_52_5.tif,5,5.0,5.000244140625,5.040503025054932,4.987975120544434,4.971324443817139,5
2268,ChumBY19_23636_3794_446_446159_5.tif,5,5.0,5.050404071807861,5.37432861328125,4.844691276550293,4.9172515869140625,5
2269,BF0904M012_5.tif,5,5.0,5.010307312011719,5.01461935043335,4.991990089416504,5.023026466369629,5
2270,ChumBY13_17520_3703_777_12_5.tif,5,5.0,5.344752311706543,5.65443229675293,4.987820625305176,5.366535663604736,5
2271,ChumBY16_21138_3357_312_1026_5.tif,5,5.0,5.11152458190918,5.4458394050598145,4.97076416015625,4.907543182373047,5
2272,BT0704M005_5.tif,5,5.0,5.004019737243652,5.021793842315674,5.036813259124756,4.9557085037231445,5
2273,BE7104M012_5.tif,5,5.0,4.980633735656738,5.035994052886963,4.869479179382324,5.02856969833374,5
2274,ChumBY20_24351_5306_21_16_5.tif,5,5.0,4.838332653045654,4.733752727508545,4.804656982421875,4.974427223205566,5
2275,BE9204F023_5.tif,5,5.0,4.970110893249512,5.002279758453369,5.075158596038818,4.840167045593262,5
2276,ChumBY18_22741_5306_60_166_5.tif,5,5.0,4.800525188446045,5.0560808181762695,4.610528945922852,4.7212443351745605,5
2277,BE0904M006_5.tif,5,5.0,4.899591445922852,5.029186725616455,4.73075008392334,4.926819324493408,5
2278,Chum_SCL_1995_104229_122_5.tif,5,5.0,5.047369480133057,5.083797931671143,5.014608860015869,5.041348934173584,5
2279,BT0104M025_5.tif,5,5.0,4.988167762756348,4.96125602722168,4.998708248138428,5.00532341003418,5
2280,KZ9504M021_5.tif,5,5.0,5.006292343139648,5.03989839553833,4.974661827087402,5.002048015594482,5
2281,UC0404F003_5.tif,5,5.0,4.992330074310303,5.0077056884765625,4.997777938842773,4.971858978271484,5
2282,ChumBY19_23572_5310_9_125_5.tif,5,5.0,4.86594295501709,4.888329982757568,4.957983493804932,4.757897853851318,5
2283,BE6904M005_5.tif,5,5.0,4.940402030944824,5.020482540130615,4.844865798950195,4.949045658111572,5
2284,Chum_SCL_1995_104229_124_5.tif,5,5.0,5.013803958892822,4.996647357940674,5.064507961273193,4.983826637268066,5
2285,BE0204M014_5.tif,5,5.0,4.976188659667969,4.905513286590576,5.022428512573242,5.003978729248047,5
2286,2022-CRAW-107-90_5.tif,5,5.0,4.383695125579834,4.717336654663086,4.388678550720215,4.044816017150879,4
2287,ChumBY16_21128_3703_879_332_5.tif,5,5.0,4.377437114715576,4.416975498199463,4.561651229858398,4.166470050811768,4
2288,UN8504F023_5.tif,5,5.0,5.03556489944458,5.106003761291504,5.010277271270752,4.988521575927734,5
2289,QU9404M018_5.tif,5,5.0,4.97824764251709,4.953886985778809,5.042895793914795,4.9425153732299805,5
2290,UN0004F024_5.tif,5,5.0,5.031215667724609,5.09115743637085,5.037413597106934,4.965399742126465,5
2291,QU8204F011_5.tif,5,5.0,4.926743507385254,4.921492099761963,4.832040786743164,5.020096778869629,5
2292,ChumBY18_22741_5306_69_222_5.tif,5,5.0,4.8053460121154785,4.841987133026123,4.648571014404297,4.914472579956055,5
2293,BE0804M010_5.tif,5,5.0,4.9909138679504395,4.968474388122559,5.003283500671387,5.001887798309326,5
2294,QU9304M005_5.tif,5,5.0,4.979017734527588,4.963545799255371,4.9676194190979,5.005119800567627,5
2295,ChumBY16_21129_3681_207_20714_5.tif,5,5.0,4.922238826751709,5.004697322845459,4.868500709533691,4.889618873596191,5
2296,UC0404M060_5.tif,5,5.0,4.978585243225098,4.995473384857178,4.928591728210449,5.008171081542969,5
2297,ChumBY13_17981_5310_20_15_5.tif,5,5.0,4.998764991760254,5.181730270385742,4.946192264556885,4.864374160766602,5
2298,BE6704M027_5.tif,5,5.0,4.974649429321289,4.972675323486328,4.960789680480957,4.989520072937012,5
2299,ChumBY17_21979_3396_379_816_5.tif,5,5.0,5.032783031463623,5.0623674392700195,5.038855075836182,4.99749755859375,5
2300,KZ0704F017_5.tif,5,5.0,5.002870559692383,4.942671775817871,5.112454414367676,4.96124267578125,5
2301,ChumBY17_22006_4063_222_22210_5.tif,5,5.0,4.82762336730957,4.751172065734863,4.837053298950195,4.895440101623535,5
2302,NK9704F010_5.tif,5,5.0,4.986249923706055,4.98206901550293,4.992702484130859,4.98443603515625,5
2303,UN8804M001_5.tif,5,5.0,4.9867048263549805,4.949637413024902,5.019870758056641,4.992988586425781,5
2304,ChumBY18_22819_5323_13_161_5.tif,5,5.0,4.6667561531066895,4.997619152069092,4.967024803161621,4.055983543395996,5
2305,NK0004F005_5.tif,5,5.0,4.972235679626465,4.988977432250977,4.966213226318359,4.961065292358398,5
2306,ChumBY21_24937_4078_54_215_5.tif,5,5.0,5.042167663574219,5.102608680725098,5.049201011657715,4.975074768066406,5
2307,2022-DI-105-2_5.tif,5,5.0,5.234307289123535,5.2360358238220215,5.2674560546875,5.20173978805542,5
2308,KZ0804M011_5.tif,5,5.0,5.022792816162109,5.048889636993408,5.043208599090576,4.977658748626709,5
2309,ChumBY21_24976_5310_90_6597_5.tif,5,5.0,3.5122756958007812,3.2165420055389404,3.4785149097442627,3.8399477005004883,4
2310,NS0304M024_5.tif,5,5.0,4.753185272216797,4.97608757019043,4.438373565673828,4.822722434997559,5
2311,Chum_SCL_2001_106_5.tif,5,5.0,4.967436790466309,5.006776809692383,5.158721923828125,4.750090599060059,5
2312,ChumBY13_18382_4078_4_6_5.tif,5,5.0,5.163599491119385,5.175797939300537,5.32042121887207,5.005502700805664,5
2313,NS0404F046_5.tif,5,5.0,5.0131707191467285,5.010000705718994,5.026432037353516,5.004010200500488,5
2314,NK1304M009_5.tif,5,5.0,4.982800006866455,4.981052398681641,5.01494026184082,4.954653739929199,5
2315,NK8304M012_5.tif,5,5.0,5.121865272521973,5.1235222816467285,5.32153844833374,4.93446683883667,5
2316,BE0204F008_5.tif,5,5.0,4.828365802764893,4.888221740722656,4.821117401123047,4.775144577026367,5
2317,ChumBY21_25019_3442_302_30231_5.tif,5,5.0,4.079972267150879,4.077322006225586,4.147333145141602,4.019967079162598,4
2318,QU9704F037_5.tif,5,5.0,5.012173652648926,4.970630645751953,5.075957298278809,4.99445915222168,5
2319,Chum_SCL_1992_14_5.tif,5,5.0,5.067089080810547,5.246769428253174,4.988289833068848,4.960383892059326,5
2320,KZ9104M003_5.tif,5,5.0,5.042490005493164,5.121954917907715,5.023716449737549,4.980344772338867,5
2321,ChumBY17_22079_2943_266_111_5.tif,5,5.0,4.9083380699157715,4.949539661407471,4.987494945526123,4.793429851531982,5
2322,BE6804F009_5.tif,5,5.0,4.9591217041015625,4.974481105804443,4.920514106750488,4.979648590087891,5
2323,NS0504M013_5.tif,5,5.0,4.979478359222412,5.0212578773498535,4.941290855407715,4.973145484924316,5
2324,ChumBY17_22020_4055_244_96_5.tif,5,5.0,4.36594820022583,4.66079044342041,4.427379608154297,4.013429641723633,4
2325,BE7604F026_5.tif,5,5.0,5.020608425140381,5.032504558563232,5.054200172424316,4.977442741394043,5
2326,ChumBY13_17760_5320_38_38_5.tif,5,5.0,4.975560188293457,4.992679595947266,4.920541763305664,5.009588241577148,5
2327,UN9904F014_5.tif,5,5.0,4.9841389656066895,4.95574951171875,5.010624885559082,4.987941741943359,5
2328,NK0904F007_5.tif,5,5.0,4.972092628479004,5.005213260650635,4.975372314453125,4.935860633850098,5
2329,ChumBY16_21270_4063_396_277_5.tif,5,5.0,4.916995048522949,4.969519138336182,4.882220268249512,4.896723747253418,5
2330,ChumBY17_21967_3870_324_515_5.tif,5,5.0,4.906489849090576,5.060209274291992,5.1018385887146,4.570777893066406,5
2331,ChumBY19_23669_3414_459_45940_5.tif,5,5.0,4.345137119293213,3.870990753173828,4.938930034637451,4.267786979675293,4
2332,ChumBY21_25072_4055_331_33133_5.tif,5,5.0,4.782124996185303,4.97566032409668,4.776430130004883,4.593538284301758,5
2333,ChumBY16_21167_5310_150_892_5.tif,5,5.0,4.877958297729492,4.960677146911621,4.88890266418457,4.784909248352051,5
2334,ChumBY17_22020_4055_236_22_5.tif,5,5.0,4.795533657073975,4.964081287384033,4.423325538635254,4.97291374206543,5
2335,2021_juneau_cd 3_sc 35_6.tif,6,6.0,6.2066192626953125,6.395357131958008,6.5119171142578125,5.733550071716309,6
2336,ChumBY16_21129_3681_215_21502_6.tif,6,6.0,5.164008140563965,5.447919845581055,5.048106670379639,4.987396240234375,5
2337,2019_sawmill cr_cd 19_sc 4_6.tif,6,6.0,6.161726951599121,6.083745956420898,6.2437286376953125,6.163569450378418,6
2338,2017_prospect cr_cd 13_sc 4_KA_6.tif,6,6.0,5.694850921630859,5.540675640106201,5.831358909606934,5.722323417663574,6
2339,Chum_SCL_1995_104229_69_6.tif,6,6.0,5.057793140411377,5.125352382659912,5.0478596687316895,4.99935245513916,5
2340,ChumBY14_19476_5320_1_1_6.tif,6,6.0,5.413166046142578,5.496423721313477,5.6368513107299805,5.1216840744018555,5
2341,2017_ad cr_cd 50_sc 10_6.tif,6,6.0,5.870595455169678,5.721364974975586,5.961320877075195,5.935701847076416,6
2342,2015_chilkat_cd 62_sc 10_6.tif,6,6.0,6.428691387176514,6.2132954597473145,6.833135604858398,6.268259048461914,6
2343,2017_fish cr_cd 139_sc 9_KA_6.tif,6,6.0,6.19797945022583,6.3139729499816895,6.289320945739746,5.996809482574463,6
2344,ChumBY21_24937_4078_80_679_6.tif,6,6.0,4.149243354797363,3.960761070251465,4.60593318939209,3.913247585296631,4
2345,ChumBY15_19932_5323_14_327_6.tif,6,6.0,5.691413402557373,5.8961262702941895,5.5734944343566895,5.596020221710205,6
2346,NS0705F001_6.tif,6,6.0,5.621150493621826,6.005128860473633,5.361473083496094,5.478034019470215,6
2347,NS0705M001_6.tif,6,6.0,5.768478870391846,5.924714088439941,5.958882808685303,5.434845924377441,6
2348,2017_prospect cr_cd 76_sc 6_KA_6.tif,6,6.0,6.012040138244629,5.8872575759887695,6.294594764709473,5.874212741851807,6
2349,NS0805M001_6.tif,6,6.0,5.1143107414245605,5.0298237800598145,5.249042987823486,5.073620319366455,5
2350,2017_fish cr_cd 327_sc 8_KA_6.tif,6,6.0,6.225242614746094,6.283700942993164,6.1778154373168945,6.210795879364014,6
2351,ChumBY11_14386_5306_65_143_6.tif,6,6.0,5.612120628356934,5.87468957901001,5.808876037597656,5.166054725646973,6
2352,2023-MEDV-103-94_6.tif,6,6.0,4.764634132385254,4.98568058013916,4.328967094421387,4.948450088500977,5
2353,ChumBY18_22776_5310_60_690_6.tif,6,6.0,5.331498146057129,5.646546840667725,5.306312561035156,5.039309024810791,5
2354,ChumBY16_21119_4055_308_30805_6.tif,6,6.0,5.211174964904785,5.363134384155273,5.315766334533691,4.9616498947143555,5
2355,2019_prospect cr_cd 94_sc 1_6.tif,6,6.0,6.2271809577941895,6.309296607971191,6.293550968170166,6.083179473876953,6
2356,ChumBY16_21119_4055_341_34116_6.tif,6,6.0,5.975610733032227,6.050222873687744,6.201596260070801,5.690649509429932,6
2357,ChumBY13_18382_4078_20_61_6.tif,6,6.0,4.676216125488281,4.400552749633789,5.006207466125488,4.645415306091309,5
2358,2018_exc inlet_cd 8_sc 39_6.tif,6,6.0,4.905982494354248,5.016790390014648,4.679625511169434,5.005534648895264,5
2359,2017_prospect cr_cd 14_sc 3_6.tif,6,6.0,6.241502285003662,6.30759334564209,6.358536720275879,6.06642484664917,6
2360,2017_fish cr_cd 127_sc 1_KA_6.tif,6,6.0,6.220699787139893,5.921078681945801,6.620980262756348,6.148516654968262,6
2361,Chum_SCL_1995_104229_109_6.tif,6,6.0,5.150162220001221,5.378302097320557,5.039575099945068,5.024479389190674,5
2362,ChumBY18_22985_5323_38_37_6.tif,6,6.0,5.095510482788086,5.261987209320068,5.038747310638428,4.981534957885742,5
2363,2019_sawmill cr_cd 20_sc 1_6.tif,6,6.0,5.916592121124268,5.670307636260986,6.032247066497803,6.055737495422363,6
2364,2019_sawmill cr_cd 15_sc 5_6.tif,6,6.0,5.6338090896606445,5.70368766784668,5.729612827301025,5.474687099456787,6
2365,NS0705F003_6.tif,6,6.0,6.247197151184082,6.262748718261719,6.418498516082764,6.072269439697266,6
2366,2017_fish cr_cd 83_sc 1_KA_6.tif,6,6.0,6.1875104904174805,6.336215496063232,6.224208831787109,6.004400253295898,6
2367,NS0705M006_6.tif,6,6.0,5.403039932250977,5.74467134475708,5.285185813903809,5.170422077178955,5
2368,ChumBY15_19866_5323_187_206_6.tif,6,6.0,5.271341323852539,5.395577907562256,5.409796714782715,5.018088340759277,5
2369,ChumBY12_15756_5306_223_91_6.tif,6,6.0,4.941278457641602,4.988916397094727,5.185208320617676,4.666648864746094,5
2370,ChumBY13_17643_5306_126_187_6.tif,6,6.0,5.707401275634766,5.935091495513916,5.709865570068359,5.4770073890686035,6
2371,NS0805M007_6.tif,6,6.0,5.0126190185546875,5.035450458526611,4.902580261230469,5.092104911804199,5
2372,ChumBY17_22000_5306_158_585_6.tif,6,6.0,5.611823558807373,5.825315475463867,5.200966835021973,5.7801289558410645,6
2373,2017_fish cr_cd 33_sc 5_6.tif,6,6.0,5.878202438354492,5.730438232421875,6.038667678833008,5.87696647644043,6
2374,2017_sawmill cr_cd 193_sc 10_KA_6.tif,6,6.0,5.923492431640625,5.8303022384643555,6.103771686553955,5.849153518676758,6
2375,Chum_SCL_1992_04_7.tif,7,7.0,5.177287578582764,5.20871114730835,5.352584362030029,4.982745170593262,5
2376,ChumBY21_24947_3671_194_499_7.tif,7,7.0,5.793825149536133,5.986842632293701,5.688807964324951,5.698148250579834,6
